Category,period,sales,freight_value,total_sales,quantity,volume,baskets
MISSING,2016-09-01,65.89,30.03,95.92,2,3.55,2
MISSING,2016-12-01,1702.64,213.09,1915.73,13,54.65,11
MISSING,2017-01-01,8564.2,1032.03,9596.23,57,162.84,51
MISSING,2017-02-01,7184.07,1101.68,8285.75,64,,58
MISSING,2017-03-01,8953.07,1530.18,10483.25,73,,65
MISSING,2017-04-01,11061.93,1746.34,12808.27,96,218.469,86
MISSING,2017-05-01,5567.88,984.56,6552.44,64,,56
MISSING,2017-06-01,3244.56,930.63,4175.19,62,,56
MISSING,2017-07-01,5243.4,1281.46,6524.86,77,,66
MISSING,2017-08-01,5904.14,1309.44,7213.58,74,210.4,62
MISSING,2017-09-01,18800.48,1904.42,20704.9,73,212.7,63
MISSING,2017-10-01,13870,2113.54,15983.54,120,204.618,113
MISSING,2017-11-01,16470.9,2002.86,18473.76,148,123.625,139
MISSING,2017-12-01,22366.46,3128.56,25495.02,207,179.143,183
MISSING,2018-01-01,13011.73,2046.02,15057.75,122,134.984,112
MISSING,2018-02-01,17378.11,2648.63,20026.74,135,187.885,127
MISSING,2018-03-01,8240.66,1375.75,9616.41,76,115.5,74
MISSING,2018-04-01,5094.94,980.83,6075.77,45,91.928,40
MISSING,2018-05-01,2387.13,418.57,2805.7,23,30.413,22
MISSING,2018-06-01,5241.04,1156.29,6397.33,57,90.7,50
MISSING,2018-07-01,4696.53,678.23,5374.76,39,65.162,37
agro industry and commerce,2016-12-01,65.97,41.79,107.76,3,0.375,2
agro industry and commerce,2017-01-01,224.84,106.26,331.1,7,3.4,7
agro industry and commerce,2017-02-01,81.99,28.7,110.69,2,0.325,2
agro industry and commerce,2017-04-01,1579.94,183.8,1763.74,4,23,4
agro industry and commerce,2017-05-01,1390,32.05,1422.05,1,4,1
agro industry and commerce,2017-06-01,1180,19.47,1199.47,1,2.15,1
agro industry and commerce,2017-07-01,88,136.6,224.6,4,0.932,1
agro industry and commerce,2017-08-01,1993.99,125.7,2119.69,4,18,3
agro industry and commerce,2017-09-01,3350.28,208.15,3558.43,5,33.233,5
agro industry and commerce,2017-10-01,13932.49,677.83,14610.32,19,89.75,13
agro industry and commerce,2017-11-01,5291.7,372.34,5664.04,11,46.555,9
agro industry and commerce,2017-12-01,5853.44,443.07,6296.51,18,51.8,15
agro industry and commerce,2018-01-01,7404.8,654.83,8059.63,27,82.1,21
agro industry and commerce,2018-02-01,6019,548.09,6567.09,28,74.623,25
agro industry and commerce,2018-03-01,4500.7,282.96,4783.66,12,59.292,12
agro industry and commerce,2018-04-01,3279.75,153.47,3433.22,8,16.933,8
agro industry and commerce,2018-05-01,3515.8,327.25,3843.05,10,47.15,10
agro industry and commerce,2018-06-01,7756.69,978.59,8735.28,30,114.872,29
agro industry and commerce,2018-07-01,5021.09,522.65,5543.74,18,100.034,14
air conditioning,2016-09-01,1707.09,197.82,1904.91,10,53.188,5
air conditioning,2016-12-01,663.7,74.66,738.36,4,14.539,3
air conditioning,2017-01-01,3095.3,344.41,3439.71,12,77.6,12
air conditioning,2017-02-01,4043.91,271.12,4315.03,16,53.363,15
air conditioning,2017-03-01,2642.13,306.97,2949.1,17,32.256,15
air conditioning,2017-04-01,1016.77,169.92,1186.69,8,14.25,7
air conditioning,2017-05-01,2084.48,204.04,2288.52,11,39.7,9
air conditioning,2017-06-01,1396.1,97.03,1493.13,5,15.955,5
air conditioning,2017-07-01,4271.73,291.76,4563.49,15,57.755,12
air conditioning,2017-08-01,1731.05,169.28,1900.33,8,31.525,8
air conditioning,2017-09-01,2562.42,307.48,2869.9,12,43.642,9
air conditioning,2017-10-01,4076.62,436.94,4513.56,19,89.545,16
air conditioning,2017-11-01,668.8,53.54,722.34,3,9.475,3
air conditioning,2017-12-01,4674.74,502.78,5177.52,29,88.458,22
air conditioning,2018-01-01,2626.89,265.78,2892.67,12,50.317,11
air conditioning,2018-02-01,2667.58,541.29,3208.87,25,83.933,24
air conditioning,2018-03-01,3261.79,659.33,3921.12,23,96.903,22
air conditioning,2018-04-01,2051.2,399.53,2450.73,15,92.367,14
air conditioning,2018-05-01,3567.9,525.04,4092.94,15,99.602,9
air conditioning,2018-06-01,2657.86,479.59,3137.45,17,86.058,15
air conditioning,2018-07-01,3556.9,450.92,4007.82,21,92.62,17
art,2017-02-01,223.25,97.59,320.84,5,10.685,5
art,2017-03-01,119.9,27.27,147.17,1,5.9,1
art,2017-04-01,6967.65,398.3,7365.95,8,30.9,8
art,2017-05-01,421.7,210.09,631.79,10,16.3,5
art,2017-06-01,386.75,38.15,424.9,3,1.64,3
art,2017-07-01,244.7,72.36,317.06,4,1.09,4
art,2017-08-01,388.54,47.31,435.85,3,2.15,3
art,2017-09-01,349.05,51.4,400.45,3,15.99,3
art,2017-10-01,75,17.78,92.78,1,1.947,1
art,2017-11-01,115.25,48.14,163.39,3,2.15,3
art,2017-12-01,2540.77,323.44,2864.21,19,31.975,19
art,2018-01-01,1251.71,309.12,1560.83,13,18,12
art,2018-02-01,461.5,120.16,581.66,7,10.6,7
art,2018-03-01,2140.28,482.76,2623.04,26,36.55,26
art,2018-04-01,2591.96,541.94,3133.9,35,43.3,34
art,2018-05-01,2500.05,518.82,3018.87,28,38.7,28
art,2018-06-01,1873.2,434.52,2307.72,21,31.7,21
art,2018-07-01,1551.38,306.02,1857.4,19,25.95,19
arts and craftmanship,2017-04-01,21.99,7.67,29.66,1,0.25,1
arts and craftmanship,2017-06-01,129.9,15.66,145.56,1,1.2,1
arts and craftmanship,2018-03-01,15.99,18.23,34.22,1,0.21,1
arts and craftmanship,2018-04-01,89.8,11.25,101.05,1,1.025,1
arts and craftmanship,2018-06-01,654.57,150.03,804.6,11,14.942,10
arts and craftmanship,2018-07-01,901.76,167.29,1069.05,9,15.25,9
audio,2016-09-01,156.99,26.04,183.03,2,0.5,2
audio,2017-01-01,163.8,84.05,247.85,5,2.8,5
audio,2017-02-01,1134.77,232.63,1367.4,14,5.999,13
audio,2017-03-01,942.2,161.75,1103.95,11,4.828,9
audio,2017-04-01,2081.18,252.01,2333.19,17,22.733,17
audio,2017-05-01,1671,147.24,1818.24,11,28.152,11
audio,2017-06-01,771.69,111.54,883.23,7,9.838,7
audio,2017-07-01,1050.7,95.74,1146.44,7,9.123,7
audio,2017-08-01,1042.59,149.2,1191.79,10,10.738,10
audio,2017-09-01,2348.48,380.25,2728.73,32,10.419,32
audio,2017-10-01,3677.23,517.91,4195.14,36,77.58,33
audio,2017-11-01,2686.93,254.19,2941.12,17,11.919,17
audio,2017-12-01,3731.78,396.05,4127.83,25,60.867,24
audio,2018-01-01,2916.99,227.15,3144.14,16,50.108,16
audio,2018-02-01,10606.69,657.68,11264.37,34,76.137,33
audio,2018-03-01,7045.07,526.39,7571.46,31,30.785,30
audio,2018-04-01,2697.68,346.86,3044.54,21,8.616,20
audio,2018-05-01,1830.69,397.7,2228.39,20,7.441,19
audio,2018-06-01,2062.64,346.36,2409,22,7.108,21
audio,2018-07-01,2069.4,399.7,2469.1,26,7.815,24
auto,2016-09-01,1833.25,424.31,2257.56,12,64.945,11
auto,2016-12-01,5218.53,625.68,5844.21,34,110.39,30
auto,2017-01-01,13022.41,2007.55,15029.96,85,332.089,76
auto,2017-02-01,14622.06,2299.38,16921.44,88,392.419,77
auto,2017-03-01,15548.17,2251.76,17799.93,88,386.491,81
auto,2017-04-01,18640.03,2991.67,21631.7,125,426.178,106
auto,2017-05-01,31370.69,2323.05,33693.74,112,339.472,103
auto,2017-06-01,14119.74,2371.08,16490.82,117,276.33,106
auto,2017-07-01,20421.11,3460.43,23881.54,166,492.067,133
auto,2017-08-01,14544.67,2386.79,16931.46,108,326,97
auto,2017-09-01,21245.38,3406.85,24652.23,148,424.537,130
auto,2017-10-01,34656.48,5642.23,40298.71,262,706.446,245
auto,2017-11-01,39846.44,5894.01,45740.45,271,946.06,245
auto,2017-12-01,35684.49,5282.9,40967.39,267,819.677,243
auto,2018-01-01,41930.62,6377.19,48307.81,318,925.737,302
auto,2018-02-01,44840.04,8092.35,52932.39,346,939.418,327
auto,2018-03-01,49569.29,7420.37,56989.66,355,818.038,335
auto,2018-04-01,40283.34,7280.66,47564,310,817.806,297
auto,2018-05-01,46112.19,7074.27,53186.46,302,557.079,274
auto,2018-06-01,43704.78,7254.58,50959.36,341,443.73,324
auto,2018-07-01,45506.4,7797.1,53303.5,380,441.309,355
baby,2016-09-01,1630.16,188.92,1819.08,14,14.423,11
baby,2016-12-01,6397.87,742.06,7139.93,41,,32
baby,2017-01-01,3048.48,665.81,3714.29,34,60.721,33
baby,2017-02-01,3724.08,762.25,4486.33,44,61.151,43
baby,2017-03-01,3900.55,871.23,4771.78,50,77.027,47
baby,2017-04-01,9929.41,1889.48,11818.89,109,275.628,103
baby,2017-05-01,7864.74,1393.31,9258.05,78,210.526,72
baby,2017-06-01,15861.21,2549.32,18410.53,128,369.505,123
baby,2017-07-01,20062.03,3178.46,23240.49,133,577.93,126
baby,2017-08-01,24296.4,3810.97,28107.37,173,725.536,164
baby,2017-09-01,16362.5,3093.62,19456.12,137,541.018,133
baby,2017-10-01,21863.79,4115.19,25978.98,203,616.728,190
baby,2017-11-01,20022.97,2840.63,22863.6,145,474.106,141
baby,2017-12-01,30058.47,4760.59,34819.06,223,773.894,212
baby,2018-01-01,25985.82,3576.85,29562.67,176,508.438,169
baby,2018-02-01,41935.84,5169.56,47105.4,223,949.662,216
baby,2018-03-01,49806.75,6982.88,56789.63,244,1236.587,222
baby,2018-04-01,33898.69,5483.25,39381.94,245,819.655,224
baby,2018-05-01,30775.12,6292,37067.12,225,746.659,207
baby,2018-06-01,22335.86,5219.57,27555.43,223,425.182,211
baby,2018-07-01,22004.15,4767.16,26771.31,217,428.854,206
bed bath table,2016-09-01,478.99,127.59,606.58,8,10.2,5
bed bath table,2016-12-01,3890.26,845.23,4735.49,47,82.855,44
bed bath table,2017-01-01,16352.63,3026.94,19379.57,166,336.1,147
bed bath table,2017-02-01,25687.12,4856.31,30543.43,288,470.401,248
bed bath table,2017-03-01,24323.69,4665.41,28989.1,274,526.43,234
bed bath table,2017-04-01,33323.65,6336.36,39660.01,367,814.75,327
bed bath table,2017-05-01,35201.71,6576.77,41778.48,383,880.635,337
bed bath table,2017-06-01,63794.7,10741.56,74536.26,579,1937.728,512
bed bath table,2017-07-01,57082.08,9174.55,66256.63,513,1628.56,449
bed bath table,2017-08-01,52514.73,9683.01,62197.74,532,1426.996,460
bed bath table,2017-09-01,46068.08,9237.67,55305.75,544,982.531,444
bed bath table,2017-10-01,89071.35,17161.17,106232.52,972,1958.096,814
bed bath table,2017-11-01,51130.43,9535.03,60665.46,558,1002.015,487
bed bath table,2017-12-01,75543.01,14261.25,89804.26,835,1495.37,689
bed bath table,2018-01-01,61279.97,11444.56,72724.53,699,1312.27,600
bed bath table,2018-02-01,69377.19,14880.37,84257.56,800,1416.829,671
bed bath table,2018-03-01,72255.24,14376.86,86632.1,746,1473.398,608
bed bath table,2018-04-01,71320.02,13428.7,84748.72,744,1537.857,603
bed bath table,2018-05-01,71721.55,16398.55,88120.1,772,1616.069,657
bed bath table,2018-06-01,55067.8,13639.28,68707.08,624,1190.808,518
bed bath table,2018-07-01,61504.48,14295.87,75800.35,664,1427.816,563
books general interest,2016-09-01,119.5,25.04,144.54,1,1.5,1
books general interest,2016-12-01,234.89,36.66,271.55,2,3.133,2
books general interest,2017-01-01,772.71,177.31,950.02,8,7.154,8
books general interest,2017-02-01,2648.96,438.6,3087.56,25,23.932,20
books general interest,2017-03-01,923.38,219.41,1142.79,12,18.77,12
books general interest,2017-04-01,1841.57,357.6,2199.17,20,21.993,19
books general interest,2017-05-01,1940.08,397.26,2337.34,21,16.895,20
books general interest,2017-06-01,1292.4,252.88,1545.28,13,14.113,12
books general interest,2017-07-01,3084.9,485.48,3570.38,28,34.89,28
books general interest,2017-08-01,1095.04,248.95,1343.99,16,12.7,16
books general interest,2017-09-01,734.5,195.37,929.87,11,9.55,8
books general interest,2017-10-01,2664.96,570.09,3235.05,38,34.956,38
books general interest,2017-11-01,2397.1,644.96,3042.06,42,28.67,38
books general interest,2017-12-01,2180.15,645.22,2825.37,45,32.83,41
books general interest,2018-01-01,1912.65,552.69,2465.34,29,18.206,29
books general interest,2018-02-01,1711.93,576.73,2288.66,39,19.775,34
books general interest,2018-03-01,6295.51,913.64,7209.15,50,35.605,43
books general interest,2018-04-01,6019.03,913.48,6932.51,53,31.075,51
books general interest,2018-05-01,3345.39,613.23,3958.62,39,22.052,33
books general interest,2018-06-01,4077.45,418.71,4496.16,25,15.446,25
books general interest,2018-07-01,1564.78,512.21,2076.99,36,17.325,34
books imported,2017-01-01,99,15.9,114.9,1,1.3,1
books imported,2017-03-01,19.99,13.44,33.43,1,0.9,1
books imported,2017-05-01,99,30.2,129.2,2,0.7,1
books imported,2017-07-01,61,9.34,70.34,1,0.6,1
books imported,2017-08-01,290,37.56,327.56,4,2.7,3
books imported,2017-10-01,324,48.5,372.5,4,3.3,3
books imported,2017-11-01,231,40.06,271.06,3,3,3
books imported,2017-12-01,506,57.88,563.88,5,4.05,5
books imported,2018-01-01,402,34.33,436.33,4,3.6,4
books imported,2018-02-01,259,25.69,284.69,3,1.65,2
books imported,2018-03-01,317.99,34.38,352.37,4,2.15,4
books imported,2018-04-01,410.92,114.79,525.71,10,3.25,9
books imported,2018-05-01,468.17,137.99,606.16,9,6.6,9
books imported,2018-06-01,402.78,113.83,516.61,8,3.45,6
books imported,2018-07-01,749,55.96,804.96,1,0.3,1
books technical,2016-09-01,267,32.84,299.84,1,1.9,1
books technical,2017-01-01,159,23.4,182.4,1,2.2,1
books technical,2017-02-01,75,28.74,103.74,2,0.7,2
books technical,2017-03-01,75,11.92,86.92,1,0.8,1
books technical,2017-04-01,262,54.46,316.46,3,1.61,3
books technical,2017-05-01,145.9,42.63,188.53,2,1.7,2
books technical,2017-06-01,528,52.88,580.88,2,7.5,2
books technical,2017-07-01,1196.38,128.6,1324.98,9,18.9,9
books technical,2017-08-01,892.35,119.17,1011.52,7,8.3,7
books technical,2017-09-01,989,124.64,1113.64,7,11.1,7
books technical,2017-10-01,724,85.52,809.52,5,4.4,4
books technical,2017-11-01,715.59,74.67,790.26,5,6.25,5
books technical,2017-12-01,1176.55,242.28,1418.83,17,16.308,16
books technical,2018-01-01,1411.21,356.5,1767.71,26,21.35,23
books technical,2018-02-01,913.47,319,1232.47,17,17.25,17
books technical,2018-03-01,1142.1,396.65,1538.75,22,17.1,22
books technical,2018-04-01,3085.48,875.81,3961.29,57,52.5,56
books technical,2018-05-01,1747.43,437.16,2184.59,26,27.15,26
books technical,2018-06-01,2106.81,498.6,2605.41,28,32.1,28
books technical,2018-07-01,1483.79,377.59,1861.38,29,21.743,28
cds dvds musicals,2017-06-01,225,74.38,299.38,5,2.75,4
cds dvds musicals,2017-07-01,135,42.16,177.16,3,1.65,2
cds dvds musicals,2017-09-01,45,16.11,61.11,1,0.55,1
cds dvds musicals,2017-10-01,195,29.82,224.82,3,1.65,3
cds dvds musicals,2017-11-01,65,9.94,74.94,1,0.55,1
cds dvds musicals,2018-03-01,65,52.58,117.58,1,0.55,1
christmas supplies,2017-03-01,69,24.97,93.97,1,0.283,1
christmas supplies,2017-05-01,184.7,61.55,246.25,3,20.2,2
christmas supplies,2017-06-01,65.09,32.96,98.05,2,1.2,2
christmas supplies,2017-07-01,58.9,17.98,76.88,1,1,1
christmas supplies,2017-08-01,254.7,63.58,318.28,4,6.65,3
christmas supplies,2017-09-01,388.05,143.19,531.24,12,7.7,7
christmas supplies,2017-10-01,1326.81,436.3,1763.11,23,37.405,19
christmas supplies,2017-11-01,507.67,316.17,823.84,17,22.8,15
christmas supplies,2017-12-01,851.5,252.96,1104.46,10,31.5,9
christmas supplies,2018-01-01,2059.65,611.7,2671.35,24,61.15,17
christmas supplies,2018-02-01,854.95,339.34,1194.29,12,36.75,12
christmas supplies,2018-03-01,275.15,243.43,518.58,12,11.5,9
christmas supplies,2018-04-01,524.53,148.21,672.74,6,20,6
christmas supplies,2018-05-01,306.19,170.52,476.71,7,4.45,6
christmas supplies,2018-06-01,509.56,152.1,661.66,8,10.3,8
christmas supplies,2018-07-01,564.37,214.34,778.71,11,16.85,11
cine photo,2017-01-01,59,36.24,95.24,1,5.5,1
cine photo,2017-03-01,118,48.31,166.31,2,11,2
cine photo,2017-04-01,59,32.71,91.71,1,5.5,1
cine photo,2017-05-01,79,33.91,112.91,1,5.5,1
cine photo,2017-08-01,69,33.84,102.84,1,5.5,1
cine photo,2017-09-01,69,38,107,1,5.5,1
cine photo,2017-10-01,242,17.94,259.94,1,1.54,1
cine photo,2017-12-01,199.98,23.8,223.78,2,3.9,2
cine photo,2018-01-01,227.99,44.13,272.12,2,2.1,2
cine photo,2018-02-01,711.79,134.75,846.54,7,11.2,6
cine photo,2018-03-01,521.74,99.39,621.13,5,6.8,5
cine photo,2018-04-01,2277.29,293.59,2570.88,18,11.25,17
cine photo,2018-05-01,435.85,173.51,609.36,13,2.267,9
cine photo,2018-06-01,1178.54,113.07,1291.61,7,4.225,7
cine photo,2018-07-01,685.28,133.01,818.29,10,1.8,9
computers,2016-12-01,2199.99,18,2217.99,1,3,1
computers,2017-01-01,3549,53.47,3602.47,1,3.2,1
computers,2017-07-01,33700,1126,34826,29,75.15,29
computers,2017-08-01,51278.89,1699.07,52977.96,40,114.95,39
computers,2017-09-01,41993.91,1343.63,43337.54,28,153.35,27
computers,2017-10-01,9768,292.4,10060.4,7,19.4,7
computers,2017-11-01,16741,1175.27,17916.27,23,252.95,19
computers,2017-12-01,7450,850.98,8300.98,12,159.45,12
computers,2018-03-01,13774.92,796.69,14571.61,15,133.75,13
computers,2018-04-01,9429.92,514.69,9944.61,14,168.3,7
computers,2018-05-01,13127,740.87,13867.87,13,148,8
computers,2018-06-01,11239,708.48,11947.48,8,94.26,8
computers,2018-07-01,8711.5,516.75,9228.25,12,139.25,10
computers accessories,2016-09-01,1399.32,340.77,1740.09,21,11.918,18
computers accessories,2016-12-01,3924.14,453.46,4377.6,31,19.55,24
computers accessories,2017-01-01,11972.59,1771.76,13744.35,106,95.302,97
computers accessories,2017-02-01,28624.6,3249.24,31873.84,174,161.494,150
computers accessories,2017-03-01,20651.16,2472.05,23123.21,135,130.043,119
computers accessories,2017-04-01,45052.97,5618.08,50671.05,317,240.136,259
computers accessories,2017-05-01,37628.79,4685.55,42314.34,265,203.169,221
computers accessories,2017-06-01,38642.2,5860.01,44502.21,324,252.429,272
computers accessories,2017-07-01,35060.62,5916.61,40977.23,351,253.86,298
computers accessories,2017-08-01,28962.88,5084.53,34047.41,254,253.249,217
computers accessories,2017-09-01,44009.19,6361.26,50370.45,321,366.199,264
computers accessories,2017-10-01,72163.66,10548.32,82711.98,531,490.953,443
computers accessories,2017-11-01,38335.9,5651.77,43987.67,288,343.807,253
computers accessories,2017-12-01,82121.15,12723.63,94844.78,695,620.111,583
computers accessories,2018-01-01,101381.34,17397.53,118778.87,988,762.551,806
computers accessories,2018-02-01,86291.71,15105.55,101397.26,763,789.458,643
computers accessories,2018-03-01,59574.2,10194.79,69768.99,544,654.348,481
computers accessories,2018-04-01,51634.73,8559.72,60194.45,465,430.258,410
computers accessories,2018-05-01,42326.45,8811.53,51137.98,408,374.642,358
computers accessories,2018-06-01,41837.79,8593.07,50430.86,426,295.948,388
computers accessories,2018-07-01,40358.93,7918.85,48277.78,420,314.514,385
consoles games,2016-09-01,3882.26,207.16,4089.42,10,19.6,10
consoles games,2016-12-01,5939.3,424.81,6364.11,22,9.468,20
consoles games,2017-01-01,4309.67,357.71,4667.38,19,22.066,19
consoles games,2017-02-01,10768.84,975.02,11743.86,50,57.166,48
consoles games,2017-03-01,3772.88,299.92,4072.8,17,13.177,15
consoles games,2017-04-01,2452.3,423.22,2875.52,28,12.92,25
consoles games,2017-05-01,5443.92,582.42,6026.34,31,12.507,28
consoles games,2017-06-01,5680.16,873.42,6553.58,48,19.438,46
consoles games,2017-07-01,8694.35,1568.32,10262.67,89,32.605,84
consoles games,2017-08-01,8926.28,1105.12,10031.4,66,27.9,61
consoles games,2017-09-01,10722.86,1703.73,12426.59,110,42.008,102
consoles games,2017-10-01,12608.88,2193.71,14802.59,134,44.4,129
consoles games,2017-11-01,9075.01,1334.47,10409.48,93,35.579,88
consoles games,2017-12-01,8200.98,881.51,9082.49,54,24.917,53
consoles games,2018-01-01,11978.73,1037.1,13015.83,52,34.071,51
consoles games,2018-02-01,11858.72,1219.34,13078.06,58,23.232,54
consoles games,2018-03-01,7239.4,871.1,8110.5,48,15.831,43
consoles games,2018-04-01,5664.07,1007.14,6671.21,54,13.825,40
consoles games,2018-05-01,6903.01,739.02,7642.03,43,11.808,41
consoles games,2018-06-01,7551.11,931.82,8482.93,47,18.68,47
consoles games,2018-07-01,5792.49,1091.96,6884.45,64,20.705,58
construction tools construction,2016-12-01,310,25,335,1,13.35,1
construction tools construction,2017-01-01,336.79,56.78,393.57,3,14.333,3
construction tools construction,2017-02-01,773.4,122.02,895.42,4,27.896,4
construction tools construction,2017-04-01,99.99,49.41,149.4,1,10.9,1
construction tools construction,2017-05-01,376.37,98.94,475.31,8,12.031,4
construction tools construction,2017-06-01,549.44,273.53,822.97,6,56.13,5
construction tools construction,2017-07-01,1180,214.33,1394.33,7,54.414,6
construction tools construction,2017-08-01,1289.2,197.84,1487.04,11,30.625,8
construction tools construction,2017-09-01,2511.28,439.93,2951.21,18,79.189,14
construction tools construction,2017-10-01,7058.46,1611.45,8669.91,48,267.714,37
construction tools construction,2017-11-01,5830.35,736.15,6566.5,27,161.934,22
construction tools construction,2017-12-01,9664.18,1089.14,10753.32,48,217.78,40
construction tools construction,2018-01-01,9003.97,1141.29,10145.26,69,277.609,54
construction tools construction,2018-02-01,10549.38,1694.83,12244.21,71,226.834,52
construction tools construction,2018-03-01,13293.83,2282.93,15576.76,92,248.865,78
construction tools construction,2018-04-01,20748.6,2831.74,23580.34,125,399.007,89
construction tools construction,2018-05-01,22947.72,2424.73,25372.45,113,205.533,108
construction tools construction,2018-06-01,15237.47,2352.48,17589.95,115,189.046,98
construction tools construction,2018-07-01,22917.16,3007.89,25925.05,162,404.724,124
construction tools lights,2017-06-01,360,41.45,401.45,1,12,1
construction tools lights,2017-07-01,589,81.98,670.98,2,24,2
construction tools lights,2017-08-01,229,29.98,258.98,1,12,1
construction tools lights,2017-09-01,500,151.1,651.1,2,24,2
construction tools lights,2017-10-01,2199.48,407.51,2606.99,10,88.7,9
construction tools lights,2017-11-01,176,30.46,206.46,2,0.5,2
construction tools lights,2017-12-01,2392.99,161.78,2554.77,7,51.45,6
construction tools lights,2018-01-01,1610.8,356.67,1967.47,17,44.6,9
construction tools lights,2018-02-01,2536.7,601.45,3138.15,13,113.45,12
construction tools lights,2018-03-01,4872.87,828.37,5701.24,45,100.3,36
construction tools lights,2018-04-01,5567.61,880.02,6447.63,43,108.5,33
construction tools lights,2018-05-01,4583.41,955.18,5538.59,44,83.15,35
construction tools lights,2018-06-01,7249.61,1381.79,8631.4,55,188.2,40
construction tools lights,2018-07-01,8212.53,1676.06,9888.59,62,173.815,56
construction tools safety,2017-01-01,379,17.86,396.86,1,1.008,1
construction tools safety,2017-02-01,380,45.76,425.76,2,1.866,2
construction tools safety,2017-07-01,8.9,15.79,24.69,1,0.4,1
construction tools safety,2017-08-01,1124.54,77.75,1202.29,5,2.219,4
construction tools safety,2017-09-01,1668.85,249.7,1918.55,12,9.519,9
construction tools safety,2017-10-01,3288.69,230.27,3518.96,14,16.89,12
construction tools safety,2017-11-01,1414.82,152.39,1567.21,8,6.55,8
construction tools safety,2017-12-01,2228.89,195.87,2424.76,11,14.086,9
construction tools safety,2018-01-01,5965.75,186.56,6152.31,8,7.695,7
construction tools safety,2018-02-01,5374.87,414.91,5789.78,22,12.928,13
construction tools safety,2018-03-01,2887.26,540.71,3427.97,24,16.48,23
construction tools safety,2018-04-01,7298.51,603.6,7902.11,29,21.273,25
construction tools safety,2018-05-01,2565.37,407.51,2972.88,16,14.396,16
construction tools safety,2018-06-01,1888.95,253.95,2142.9,15,6.619,15
construction tools safety,2018-07-01,4070.12,526.47,4596.59,26,23.007,22
cool stuff,2016-09-01,1111,216.11,1327.11,8,20.883,8
cool stuff,2016-12-01,7784.87,945.99,8730.86,40,123.779,32
cool stuff,2017-01-01,13323.6,1533.45,14857.05,70,193.646,69
cool stuff,2017-02-01,21095.21,2294.22,23389.43,123,214.427,121
cool stuff,2017-03-01,21822.08,2571.25,24393.33,121,253.268,119
cool stuff,2017-04-01,33497.47,4782.98,38280.45,246,543.141,235
cool stuff,2017-05-01,38443.5,4525.07,42968.57,202,588.12,198
cool stuff,2017-06-01,37304.86,4798.61,42103.47,228,607.691,220
cool stuff,2017-07-01,41921.93,5795.64,47717.57,266,667.667,243
cool stuff,2017-08-01,38210.34,5019.13,43229.47,207,686.163,200
cool stuff,2017-09-01,44910.01,6266.93,51176.94,258,688.815,246
cool stuff,2017-10-01,56245.34,6653.28,62898.62,301,684.63,290
cool stuff,2017-11-01,39061.44,5285.59,44347.03,253,538.697,236
cool stuff,2017-12-01,39739.7,6026.82,45766.52,300,639.257,289
cool stuff,2018-01-01,31002.21,3698.14,34700.35,187,436.335,182
cool stuff,2018-02-01,38353.22,5559.84,43913.06,256,651.216,242
cool stuff,2018-03-01,35062.41,4981.81,40044.22,206,670.767,194
cool stuff,2018-04-01,30179.1,3910.14,34089.24,177,497.769,170
cool stuff,2018-05-01,19316.37,2709.67,22026.04,103,279.525,100
cool stuff,2018-06-01,30551.61,3727.37,34278.98,121,389.76,118
cool stuff,2018-07-01,16354.58,2737.06,19091.64,123,300.339,120
costruction tools garden,2017-01-01,579.98,44.7,624.68,2,4.92,1
costruction tools garden,2017-03-01,1490.21,190.36,1680.57,8,9.044,7
costruction tools garden,2017-04-01,1577.24,229.31,1806.55,8,12.594,6
costruction tools garden,2017-05-01,434.69,65.71,500.4,4,6,3
costruction tools garden,2017-06-01,347.58,125.79,473.37,8,8.32,7
costruction tools garden,2017-07-01,1286.19,196.81,1483,10,14.12,7
costruction tools garden,2017-08-01,297.5,103.97,401.47,6,7.48,5
costruction tools garden,2017-09-01,746.9,141.26,888.16,9,21.409,8
costruction tools garden,2017-10-01,1218.5,360.15,1578.65,17,29.747,14
costruction tools garden,2017-11-01,928.9,168.85,1097.75,6,17.625,6
costruction tools garden,2017-12-01,3927.98,577.76,4505.74,24,69.531,21
costruction tools garden,2018-01-01,1538.25,341.85,1880.1,20,48.468,14
costruction tools garden,2018-02-01,2497.23,474.14,2971.37,23,50.348,20
costruction tools garden,2018-03-01,1326.79,450.48,1777.27,18,81.729,12
costruction tools garden,2018-04-01,1073.28,330.57,1403.85,16,20.587,13
costruction tools garden,2018-05-01,799.44,268.16,1067.6,11,22.812,11
costruction tools garden,2018-06-01,1956.47,635.8,2592.27,25,60.956,20
costruction tools garden,2018-07-01,3688.76,605.73,4294.49,23,63.027,19
costruction tools tools,2017-03-01,729,19.27,748.27,1,3.2,1
costruction tools tools,2017-04-01,803.9,30.4,834.3,2,3.7,2
costruction tools tools,2017-08-01,916.89,59.19,976.08,3,6.108,3
costruction tools tools,2017-09-01,1018.6,101.36,1119.96,5,4.892,5
costruction tools tools,2017-10-01,269.5,80.04,349.54,5,1.6,4
costruction tools tools,2017-11-01,349.4,108.42,457.82,6,2.05,6
costruction tools tools,2017-12-01,532.3,162.83,695.13,8,3.911,8
costruction tools tools,2018-01-01,1318.2,221.62,1539.82,12,4.16,11
costruction tools tools,2018-02-01,741.3,191.31,932.61,8,16.2,7
costruction tools tools,2018-03-01,1522.99,351.09,1874.08,18,28.207,17
costruction tools tools,2018-04-01,417.9,88.36,506.26,5,4.683,5
costruction tools tools,2018-05-01,527,96.81,623.81,4,7.379,4
costruction tools tools,2018-06-01,5501.2,278.25,5779.45,12,18.965,10
costruction tools tools,2018-07-01,1255.77,241.27,1497.04,14,14.607,14
diapers and hygiene,2016-09-01,134.9,16.09,150.99,1,0.7,1
diapers and hygiene,2017-11-01,76,23.7,99.7,2,0.4,1
diapers and hygiene,2017-12-01,125,63.45,188.45,5,3,1
diapers and hygiene,2018-01-01,100,50.76,150.76,4,2.4,1
diapers and hygiene,2018-02-01,163,85.61,248.61,6,3.2,2
diapers and hygiene,2018-03-01,149,51.57,200.57,4,3.4,4
diapers and hygiene,2018-04-01,117,42.65,159.65,3,0.7,3
diapers and hygiene,2018-05-01,321,106.7,427.7,7,5.05,7
diapers and hygiene,2018-06-01,149.8,88.11,237.91,4,1.5,4
diapers and hygiene,2018-07-01,231.89,45.04,276.93,3,5.6,3
drinks,2017-02-01,463.87,104.56,568.43,5,19.953,4
drinks,2017-03-01,199.93,129.24,329.17,7,34,2
drinks,2017-04-01,90,22.95,112.95,1,0.45,1
drinks,2017-05-01,49.99,19.21,69.2,1,4.4,1
drinks,2017-06-01,273.97,74.11,348.08,3,18.7,2
drinks,2017-07-01,119.9,28.87,148.77,2,1.6,2
drinks,2017-08-01,327.97,100.51,428.48,8,7.381,7
drinks,2017-09-01,596.98,155.74,752.72,12,3.504,10
drinks,2017-10-01,748.61,255.07,1003.68,19,13.866,15
drinks,2017-11-01,2132.84,441.57,2574.41,34,28.114,31
drinks,2017-12-01,2307.61,755.98,3063.59,52,44.877,40
drinks,2018-01-01,1967.44,451.84,2419.28,32,10.603,27
drinks,2018-02-01,962.7,305.82,1268.52,21,7.725,20
drinks,2018-03-01,5016.44,897.78,5914.22,54,81.8,29
drinks,2018-04-01,2790.98,772.85,3563.83,48,39.317,34
drinks,2018-05-01,1532.07,472.5,2004.57,32,33.402,29
drinks,2018-06-01,1370.17,311.86,1682.03,18,22.358,18
drinks,2018-07-01,1477.23,440.79,1918.02,30,26.79,25
dvds blu ray,2016-12-01,29.8,18,47.8,2,0.35,1
dvds blu ray,2017-01-01,14.9,20.8,35.7,1,0.15,1
dvds blu ray,2017-02-01,1873.7,89.73,1963.43,5,4,4
dvds blu ray,2017-03-01,1434.9,31.44,1466.34,2,2.8,2
dvds blu ray,2017-04-01,89.6,61,150.6,4,1.05,4
dvds blu ray,2017-05-01,126.69,73.05,199.74,4,1.4,4
dvds blu ray,2017-06-01,749.7,81.29,830.99,4,2.1,4
dvds blu ray,2017-07-01,113.4,118.43,231.83,6,1.25,6
dvds blu ray,2017-08-01,39.8,51.26,91.06,2,0.35,2
dvds blu ray,2017-09-01,194.5,120.13,314.63,5,1.29,5
dvds blu ray,2017-10-01,79.79,65.88,145.67,3,0.6,3
dvds blu ray,2017-11-01,119.9,15.59,135.49,1,0.4,1
dvds blu ray,2017-12-01,49.8,46.78,96.58,2,0.4,2
dvds blu ray,2018-01-01,24.9,17.63,42.53,1,0.2,1
dvds blu ray,2018-02-01,49.8,39.91,89.71,2,0.3,2
dvds blu ray,2018-03-01,92.5,175.17,267.67,5,0.85,4
dvds blu ray,2018-04-01,439.94,120.22,560.16,7,8.95,6
dvds blu ray,2018-05-01,382.88,122.15,505.03,6,2.425,5
dvds blu ray,2018-06-01,83.99,12.89,96.88,1,2.15,1
dvds blu ray,2018-07-01,8.9,7.39,16.29,1,0.2,1
electronics,2016-09-01,1306.99,40.58,1347.57,2,2.173,2
electronics,2016-12-01,617,155.43,772.43,11,10.439,11
electronics,2017-01-01,1218.85,336.65,1555.5,19,20.927,14
electronics,2017-02-01,3986,669.16,4655.16,37,47.299,32
electronics,2017-03-01,4822.24,789.25,5611.49,48,52.725,47
electronics,2017-04-01,6670.12,1235.54,7905.66,67,84.011,61
electronics,2017-05-01,2139.03,639.1,2778.13,43,20.128,41
electronics,2017-06-01,7174.83,1739.33,8914.16,96,80.234,86
electronics,2017-07-01,3026.16,929.35,3955.51,57,48.72,53
electronics,2017-08-01,4320.06,1201.6,5521.66,66,81.707,64
electronics,2017-09-01,3455.32,1113.15,4568.47,63,57.936,56
electronics,2017-10-01,9848.14,2905.56,12753.7,183,163.268,164
electronics,2017-11-01,8714.51,3469.97,12184.48,211,189.666,191
electronics,2017-12-01,15891.78,5644.16,21535.94,350,253.982,321
electronics,2018-01-01,14847.1,5309.66,20156.76,331,207.336,301
electronics,2018-02-01,12612.1,4432.3,17044.4,264,154.614,246
electronics,2018-03-01,11022.43,3728.12,14750.55,214,166.482,203
electronics,2018-04-01,16989.29,4098.43,21087.72,235,177.673,223
electronics,2018-05-01,9664.57,3281.51,12946.08,191,134.725,174
electronics,2018-06-01,11150.75,2661.57,13812.32,159,111.601,145
electronics,2018-07-01,10769.47,2197.9,12967.37,120,94.811,115
fashio female clothing,2016-09-01,54.9,14.73,69.63,1,0.6,1
fashio female clothing,2016-12-01,77.3,25.51,102.81,2,0.9,2
fashio female clothing,2017-01-01,457.8,61.97,519.77,4,3.4,4
fashio female clothing,2017-02-01,19.9,10.96,30.86,1,0.2,1
fashio female clothing,2017-03-01,64.9,22.84,87.74,1,0.4,1
fashio female clothing,2017-04-01,422.4,63.23,485.63,5,3,5
fashio female clothing,2017-05-01,154.8,44.5,199.3,3,1.1,3
fashio female clothing,2017-06-01,310.7,53.7,364.4,4,4.2,4
fashio female clothing,2017-07-01,188.7,46.95,235.65,4,2,4
fashio female clothing,2017-08-01,355.7,74.61,430.31,4,2.9,3
fashio female clothing,2017-10-01,79.88,36.04,115.92,3,0.9,3
fashio female clothing,2017-12-01,161.79,34.69,196.48,3,2.15,3
fashio female clothing,2018-01-01,29.99,15.1,45.09,1,0.35,1
fashio female clothing,2018-02-01,119.96,34.56,154.52,4,1.4,1
fashio female clothing,2018-03-01,174.95,43.2,218.15,5,1.75,1
fashio female clothing,2018-07-01,129.97,39.16,169.13,3,1.3,2
fashion bags accessories,2016-09-01,508.3,148.19,656.49,9,3.8,8
fashion bags accessories,2016-11-01,10.9,8.72,19.62,1,0.2,1
fashion bags accessories,2016-12-01,1671.97,464.64,2136.61,35,9.4,30
fashion bags accessories,2017-01-01,2374.11,576.14,2950.25,39,12.67,35
fashion bags accessories,2017-02-01,4861.16,1032.17,5893.33,68,22.25,62
fashion bags accessories,2017-03-01,3219.8,776.93,3996.73,50,18.6,46
fashion bags accessories,2017-04-01,7498.67,1669.6,9168.27,110,32.038,97
fashion bags accessories,2017-05-01,6831.03,1303.59,8134.62,83,28.017,77
fashion bags accessories,2017-06-01,5144.1,1260.35,6404.45,87,41.95,81
fashion bags accessories,2017-07-01,6666.68,1438.31,8104.99,100,21.315,90
fashion bags accessories,2017-08-01,11920.72,1998.75,13919.47,123,59.458,102
fashion bags accessories,2017-09-01,7933.56,1656.62,9590.18,111,49.2,96
fashion bags accessories,2017-10-01,13414.89,2764.76,16179.65,200,70.34,185
fashion bags accessories,2017-11-01,10028.46,1999.14,12027.6,135,36.485,124
fashion bags accessories,2017-12-01,7896.72,1902.23,9798.95,124,72.465,115
fashion bags accessories,2018-01-01,9678.03,1679.16,11357.19,105,59.825,100
fashion bags accessories,2018-02-01,10405.18,2550.12,12955.3,142,38.15,134
fashion bags accessories,2018-03-01,9030.85,1914.49,10945.34,107,58.415,96
fashion bags accessories,2018-04-01,11471.16,1650.94,13122.1,108,48.835,104
fashion bags accessories,2018-05-01,7917.95,1540.58,9458.53,90,29.86,83
fashion bags accessories,2018-06-01,6132.88,1248.79,7381.67,76,23.75,75
fashion bags accessories,2018-07-01,8206.42,1865.78,10072.2,128,37.415,123
fashion childrens clothes,2017-04-01,110,14.52,124.52,1,0.6,1
fashion childrens clothes,2017-05-01,110,8.96,118.96,1,0.5,1
fashion childrens clothes,2017-07-01,49.9,16.79,66.69,1,0.12,1
fashion childrens clothes,2017-08-01,89.99,17.07,107.06,1,0.3,1
fashion childrens clothes,2017-09-01,39.99,14.1,54.09,1,0.1,1
fashion childrens clothes,2018-02-01,79.98,16.58,96.56,2,0.2,2
fashion childrens clothes,2018-05-01,89.99,7.49,97.48,1,0.3,1
fashion male clothing,2016-09-01,24.9,10.96,35.86,1,0.3,1
fashion male clothing,2016-12-01,126.9,32.21,159.11,1,0.9,1
fashion male clothing,2017-01-01,642.85,120.17,763.02,7,5.025,7
fashion male clothing,2017-02-01,580.8,140.56,721.36,9,3.975,7
fashion male clothing,2017-03-01,416.69,87.94,504.63,7,2.65,6
fashion male clothing,2017-04-01,608.9,67.31,676.21,4,3.5,3
fashion male clothing,2017-05-01,569.69,185.13,754.82,10,7,8
fashion male clothing,2017-06-01,719.99,140.34,860.33,9,5.125,8
fashion male clothing,2017-07-01,1205.05,239.27,1444.32,15,8.4,13
fashion male clothing,2017-08-01,1177.5,210.69,1388.19,16,6.9,10
fashion male clothing,2017-09-01,1041.8,159.57,1201.37,11,6.45,9
fashion male clothing,2017-10-01,929.99,168.47,1098.46,12,6.975,11
fashion male clothing,2017-11-01,450.89,81.25,532.14,4,1.9,4
fashion male clothing,2017-12-01,550.6,111.57,662.17,6,3.7,5
fashion male clothing,2018-01-01,388.09,58.77,446.86,3,1.875,3
fashion male clothing,2018-03-01,195,39.42,234.42,1,0.95,1
fashion male clothing,2018-04-01,129.99,19.88,149.87,1,1.05,1
fashion male clothing,2018-05-01,447.8,106.63,554.43,7,4.8,6
fashion male clothing,2018-06-01,208.7,86.98,295.68,5,2.85,5
fashion male clothing,2018-07-01,381.69,85.29,466.98,3,2.2,3
fashion shoes,2016-09-01,29.99,10.96,40.95,1,9,1
fashion shoes,2016-12-01,34.9,14.11,49.01,1,0.5,1
fashion shoes,2017-01-01,107.05,50.32,157.37,3,1.6,2
fashion shoes,2017-02-01,1515,231.18,1746.18,14,15.2,13
fashion shoes,2017-03-01,1526.5,419.87,1946.37,23,19.4,20
fashion shoes,2017-04-01,1669.54,345.35,2014.89,22,15.65,22
fashion shoes,2017-05-01,1351.2,384.67,1735.87,20,15.5,17
fashion shoes,2017-06-01,1423.01,337.69,1760.7,20,18.05,19
fashion shoes,2017-07-01,1491.69,364.68,1856.37,22,18.4,18
fashion shoes,2017-08-01,1179.6,264.1,1443.7,14,14.4,13
fashion shoes,2017-09-01,1860.92,333.66,2194.58,18,22.75,16
fashion shoes,2017-10-01,1777.7,334.07,2111.77,20,23.6,18
fashion shoes,2017-11-01,1099,206.46,1305.46,13,13.45,12
fashion shoes,2017-12-01,666.7,155.61,822.31,9,9.3,7
fashion shoes,2018-01-01,1033.7,217.82,1251.52,11,12.95,10
fashion shoes,2018-02-01,1252.8,272.42,1525.22,12,11.45,12
fashion shoes,2018-03-01,1438.7,279.27,1717.97,11,14.8,11
fashion shoes,2018-04-01,1582.7,205.87,1788.57,10,14.85,10
fashion shoes,2018-05-01,1230.58,219.6,1450.18,10,10.95,10
fashion shoes,2018-06-01,820.19,165.25,985.44,5,7,5
fashion shoes,2018-07-01,471.3,105.91,577.21,3,4,3
fashion sport,2017-02-01,39.9,14.11,54.01,1,0.4,1
fashion sport,2017-03-01,189.78,54.69,244.47,4,0.9,4
fashion sport,2017-04-01,124.84,54.64,179.48,3,1.15,3
fashion sport,2017-05-01,495.49,112,607.49,6,2.4,6
fashion sport,2017-06-01,69.9,7.78,77.68,1,0.2,1
fashion sport,2017-07-01,265.8,123.64,389.44,2,1.75,2
fashion sport,2017-08-01,384.6,116.22,500.82,5,1.45,2
fashion sport,2017-09-01,59.9,8.72,68.62,1,0.45,1
fashion sport,2017-10-01,59.9,7.78,67.68,1,0.25,1
fashion sport,2017-11-01,59.9,16.86,76.76,1,0.25,1
fashion sport,2017-12-01,119.8,25.54,145.34,2,0.55,2
fashion sport,2018-02-01,89.9,7.49,97.39,1,0.1,1
fashion sport,2018-03-01,89.9,15.51,105.41,1,0.1,1
fashion sport,2018-07-01,69.9,13.15,83.05,1,0.25,1
fashion underwear beach,2016-12-01,137.25,33.9,171.15,2,1,2
fashion underwear beach,2017-01-01,396.97,110.86,507.83,8,3.3,6
fashion underwear beach,2017-02-01,394.14,66.48,460.62,6,2.2,6
fashion underwear beach,2017-03-01,98.79,60.88,159.67,4,1.1,4
fashion underwear beach,2017-04-01,283.5,85.76,369.26,7,3.5,6
fashion underwear beach,2017-05-01,3.9,15.1,19,1,0.1,1
fashion underwear beach,2017-06-01,274.8,39.68,314.48,3,0.75,3
fashion underwear beach,2017-07-01,1111,197.87,1308.87,13,2.775,13
fashion underwear beach,2017-08-01,1789.7,266.52,2056.22,18,4.525,16
fashion underwear beach,2017-09-01,187.8,35.15,222.95,3,0.725,3
fashion underwear beach,2017-10-01,1221.6,170.26,1391.86,10,3.2,10
fashion underwear beach,2017-11-01,1173.1,186.52,1359.62,13,3.475,13
fashion underwear beach,2017-12-01,754.5,122.52,877.02,8,1.75,8
fashion underwear beach,2018-01-01,399.3,105.99,505.29,7,1.8,7
fashion underwear beach,2018-02-01,289.4,79.01,368.41,5,1.3,5
fashion underwear beach,2018-03-01,359.4,80.78,440.18,6,1.45,6
fashion underwear beach,2018-04-01,207.4,93.06,300.46,6,1.2,5
fashion underwear beach,2018-05-01,129.3,107.46,236.76,7,1.1,3
fashion underwear beach,2018-06-01,109.8,31.53,141.33,2,0.35,2
fashion underwear beach,2018-07-01,219.9,26.86,246.76,2,0.575,2
fixed telephony,2016-09-01,704.88,69.57,774.45,5,2.79,5
fixed telephony,2016-12-01,677.12,292.44,969.56,22,5.157,19
fixed telephony,2017-01-01,559.28,241.46,800.74,17,3.764,17
fixed telephony,2017-02-01,1792.3,450.98,2243.28,26,9.349,16
fixed telephony,2017-03-01,2998.33,170.44,3168.77,11,5.183,7
fixed telephony,2017-04-01,429.34,137.52,566.86,9,1.875,9
fixed telephony,2017-05-01,966.66,215.54,1182.2,13,3.588,13
fixed telephony,2017-06-01,218.73,129.54,348.27,9,1.195,8
fixed telephony,2017-07-01,3343.54,296.77,3640.31,20,18.793,14
fixed telephony,2017-08-01,13692.91,297.28,13990.19,13,6.64,6
fixed telephony,2017-09-01,3751.88,154.15,3906.03,7,9.172,6
fixed telephony,2017-10-01,943.98,92.5,1036.48,5,3.483,5
fixed telephony,2017-11-01,998.77,97.04,1095.81,5,4.724,5
fixed telephony,2017-12-01,2444.1,189.45,2633.55,10,6.165,10
fixed telephony,2018-01-01,6138.67,203.15,6341.82,12,8.528,10
fixed telephony,2018-02-01,1930.59,270.25,2200.84,14,6.625,12
fixed telephony,2018-03-01,1921.94,205.74,2127.68,11,5.399,10
fixed telephony,2018-04-01,1946.1,276.15,2222.25,17,12.941,12
fixed telephony,2018-05-01,2080.32,342.2,2422.52,17,10.012,15
fixed telephony,2018-06-01,9319.39,338.79,9658.18,11,15.13,8
fixed telephony,2018-07-01,2724.17,166.85,2891.02,10,8.738,10
flowers,2017-10-01,187.8,81.49,269.29,6,9.25,6
flowers,2017-11-01,82.7,30.28,112.98,2,1.45,2
flowers,2017-12-01,284.6,153.66,438.26,10,33.7,7
flowers,2018-01-01,134.48,53.22,187.7,4,7.95,4
flowers,2018-02-01,89.67,46.74,136.41,3,2.55,3
flowers,2018-03-01,105.9,27.21,133.11,2,2.05,2
flowers,2018-04-01,68.9,28.2,97.1,2,1.25,2
flowers,2018-05-01,108,32.7,140.7,2,1.6,1
flowers,2018-06-01,47.99,35.37,83.36,2,0.75,2
food,2016-09-01,79.9,16.33,96.23,1,0.2,1
food,2016-12-01,42.82,36,78.82,2,2.15,2
food,2017-01-01,715.63,214.57,930.2,9,16.975,9
food,2017-02-01,2667.56,491.43,3158.99,24,62.631,22
food,2017-03-01,491.3,119.85,611.15,8,6.804,8
food,2017-04-01,387.9,64.35,452.25,3,5.518,3
food,2017-05-01,149.9,21.89,171.79,1,3.35,1
food,2017-06-01,584.16,170.03,754.19,7,10.111,7
food,2017-07-01,364.5,135.73,500.23,8,6.544,8
food,2017-08-01,935.95,230.12,1166.07,16,12.13,12
food,2017-09-01,863.03,232.52,1095.55,18,15.575,13
food,2017-10-01,556.95,214.33,771.28,17,8.627,11
food,2017-11-01,978.19,189.75,1167.94,14,8.347,12
food,2017-12-01,868.41,264.66,1133.07,20,9.05,19
food,2018-01-01,1933.42,503.77,2437.19,39,20.005,31
food,2018-02-01,1559.9,508.69,2068.59,35,18.067,33
food,2018-03-01,1665.43,554.56,2219.99,40,13.2,36
food,2018-04-01,1542.93,536.55,2079.48,44,12.559,36
food,2018-05-01,1371.18,322.41,1693.59,24,12.959,24
food,2018-06-01,3378.17,1023.25,4401.42,64,36.144,59
food,2018-07-01,8256.18,1420.24,9676.42,116,54.693,103
food drink,2017-02-01,110.8,58.09,168.89,5,2.55,5
food drink,2017-03-01,47.9,32.88,80.78,3,2.55,2
food drink,2017-04-01,416.29,214.12,630.41,17,12.3,12
food drink,2017-05-01,57.4,25.38,82.78,2,1.55,2
food drink,2017-06-01,168.2,93.48,261.68,8,4.7,7
food drink,2017-07-01,494.81,234.14,728.95,15,14.3,12
food drink,2017-08-01,310.86,133.92,444.78,9,7.5,6
food drink,2017-09-01,2297.23,357.76,2654.99,17,13.5,15
food drink,2017-10-01,2445.57,585.78,3031.35,33,30.1,28
food drink,2017-11-01,1098.68,386.18,1484.86,22,19.825,19
food drink,2017-12-01,341.17,188.05,529.22,11,9.4,10
food drink,2018-01-01,1059.1,328.24,1387.34,24,23.3,21
food drink,2018-02-01,2350.77,272.73,2623.5,19,40.35,17
food drink,2018-03-01,605.07,279.96,885.03,18,12.3,16
food drink,2018-04-01,1239.44,435.3,1674.74,25,35.45,15
food drink,2018-05-01,293.85,218.96,512.81,11,7.166,9
food drink,2018-06-01,813.73,351.24,1164.97,18,36.425,15
food drink,2018-07-01,1028.61,311.78,1340.39,21,33.828,16
furniture bedroom,2016-12-01,73.2,75.56,148.76,8,1.6,8
furniture bedroom,2017-01-01,450,51.88,501.88,1,13.45,1
furniture bedroom,2017-03-01,858.96,232.32,1091.28,5,47.55,4
furniture bedroom,2017-04-01,2369.97,288.98,2658.95,9,106.35,6
furniture bedroom,2017-05-01,308.99,42.69,351.68,2,20.4,2
furniture bedroom,2017-06-01,1206.99,389.64,1596.63,5,89.15,5
furniture bedroom,2017-07-01,618,84.36,702.36,3,29.2,3
furniture bedroom,2017-08-01,709.6,214.38,923.98,4,48.5,3
furniture bedroom,2017-09-01,1193.9,217.95,1411.85,4,46.5,4
furniture bedroom,2017-10-01,873,177.46,1050.46,3,37.65,3
furniture bedroom,2017-11-01,185,45.75,230.75,1,10.7,1
furniture bedroom,2017-12-01,914.8,150.24,1065.04,5,53.5,5
furniture bedroom,2018-01-01,1094.8,300.3,1395.1,8,59.3,7
furniture bedroom,2018-02-01,1071.8,193.89,1265.69,6,34.75,6
furniture bedroom,2018-03-01,1470.9,378.32,1849.22,8,75.45,7
furniture bedroom,2018-04-01,1484.98,331.93,1816.91,6,58.3,5
furniture bedroom,2018-05-01,1559.99,381.83,1941.82,9,99.05,8
furniture bedroom,2018-06-01,1386.9,451.87,1838.77,10,122.425,7
furniture bedroom,2018-07-01,2197,622.88,2819.88,12,135,10
furniture decor,2016-08-01,72.89,63.34,136.23,2,3.2,1
furniture decor,2016-09-01,5807.89,1244.39,7052.28,67,142.23,51
furniture decor,2016-12-01,13521.31,2940.44,16461.75,182,338.471,137
furniture decor,2017-01-01,20871.3,5249.86,26121.16,264,621.236,219
furniture decor,2017-02-01,23482.73,6036.96,29519.69,329,863.919,266
furniture decor,2017-03-01,21318.89,4354.32,25673.21,200,597.931,166
furniture decor,2017-04-01,24469.19,6031.21,30500.4,282,834.85,237
furniture decor,2017-05-01,16984.13,5087.78,22071.91,234,589.047,181
furniture decor,2017-06-01,24434.63,5793.71,30228.34,312,798.904,249
furniture decor,2017-07-01,35681.02,8903.25,44584.27,443,1166.843,335
furniture decor,2017-08-01,30986.69,7531.2,38517.89,349,977.738,276
furniture decor,2017-09-01,29660.01,7438.66,37098.67,373,942.268,267
furniture decor,2017-10-01,63611.58,14895.77,78507.35,787,2026.779,548
furniture decor,2017-11-01,32191.64,7380.87,39572.51,392,936.795,317
furniture decor,2017-12-01,54928.29,12135.73,67064.02,609,1604.566,475
furniture decor,2018-01-01,39001.86,8281.16,47283.02,435,1168.562,343
furniture decor,2018-02-01,52268.79,13602.53,65871.32,595,1755.367,442
furniture decor,2018-03-01,56503.03,11630.75,68133.78,593,1568.291,466
furniture decor,2018-04-01,54346.76,11458.91,65805.67,606,1652.703,462
furniture decor,2018-05-01,42424.42,10293.71,52718.13,405,1169.666,319
furniture decor,2018-06-01,45312.32,11655.43,56967.75,435,1194.957,343
furniture decor,2018-07-01,41883.12,10739.32,52622.44,440,1156.853,349
furniture living room,2016-12-01,929.93,165.6,1095.53,7,81.2,6
furniture living room,2017-01-01,3964.6,1141.22,5105.82,26,296.2,16
furniture living room,2017-02-01,3463,731.94,4194.94,25,221.625,18
furniture living room,2017-03-01,2073.34,452.77,2526.11,12,113,11
furniture living room,2017-04-01,4929.43,1311.34,6240.77,34,292.37,29
furniture living room,2017-05-01,1713.3,529.61,2242.91,15,133.25,12
furniture living room,2017-06-01,4395.12,980.74,5375.86,31,263.625,27
furniture living room,2017-07-01,2478.07,679.99,3158.06,23,136.15,21
furniture living room,2017-08-01,1275.87,286.96,1562.83,11,56.583,11
furniture living room,2017-09-01,1532.79,476.19,2008.98,19,95.35,13
furniture living room,2017-10-01,6212.95,1444.95,7657.9,39,370.623,29
furniture living room,2017-11-01,2316.01,624.87,2940.88,20,108.6,16
furniture living room,2017-12-01,2308.1,553.85,2861.95,22,123.25,22
furniture living room,2018-01-01,4402.78,1559.3,5962.08,26,317.175,19
furniture living room,2018-02-01,3521.87,757.93,4279.8,19,136.3,19
furniture living room,2018-03-01,5133.73,1086.23,6219.96,34,237.585,25
furniture living room,2018-04-01,2721.08,669.02,3390.1,16,137.558,13
furniture living room,2018-05-01,3541.62,988.03,4529.65,29,199.55,27
furniture living room,2018-06-01,6779.63,2060.68,8840.31,55,448.6,50
furniture living room,2018-07-01,5223.34,1466.95,6690.29,40,301.95,38
furniture mattress and upholstery,2017-03-01,109.4,21.4,130.8,1,28.3,1
furniture mattress and upholstery,2017-04-01,595.89,135.99,731.88,3,64.9,3
furniture mattress and upholstery,2017-06-01,109.4,69.13,178.53,1,28.3,1
furniture mattress and upholstery,2017-07-01,509.39,124.27,633.66,2,58.3,2
furniture mattress and upholstery,2017-08-01,86.5,47.32,133.82,1,6.6,1
furniture mattress and upholstery,2017-10-01,334,78.81,412.81,2,3.65,2
furniture mattress and upholstery,2017-11-01,803.7,284.7,1088.4,8,23.45,8
furniture mattress and upholstery,2017-12-01,860.5,409.9,1270.4,9,20.35,9
furniture mattress and upholstery,2018-01-01,389.4,302.08,691.48,6,28.3,6
furniture mattress and upholstery,2018-02-01,440,144.93,584.93,4,6.8,4
furniture mattress and upholstery,2018-06-01,129.9,11.93,141.83,1,18.25,1
garden tools,2016-09-01,1359.88,105.31,1465.19,5,18.793,5
garden tools,2016-12-01,8152.75,1072.42,9225.17,58,190.483,40
garden tools,2017-01-01,13144.61,1600.69,14745.3,72,351.543,63
garden tools,2017-02-01,21547.15,3132.18,24679.33,149,500.336,120
garden tools,2017-03-01,22790.28,2760.32,25550.6,119,468.768,99
garden tools,2017-04-01,20774.46,3403,24177.46,140,522.861,124
garden tools,2017-05-01,15989.17,2772.78,18761.95,116,467.958,103
garden tools,2017-06-01,20067.05,4184.52,24251.57,190,494.513,159
garden tools,2017-07-01,24042.6,4743.58,28786.18,235,519.349,196
garden tools,2017-08-01,22674.13,4890.99,27565.12,227,637.494,181
garden tools,2017-09-01,25619.06,6449.3,32068.36,276,834.623,211
garden tools,2017-10-01,46273.76,12304.88,58578.64,554,1472.448,436
garden tools,2017-11-01,27807.69,7488.33,35296.02,327,892.228,246
garden tools,2017-12-01,27037.94,5781.89,32819.83,240,714.34,205
garden tools,2018-01-01,26513.41,6729.61,33243.02,291,810.699,229
garden tools,2018-02-01,27936.87,6613.28,34550.15,267,691.039,208
garden tools,2018-03-01,34875.94,5613.2,40489.14,285,715.58,236
garden tools,2018-04-01,37996.98,5287.88,43284.86,293,605.2,231
garden tools,2018-05-01,18046.61,5123.64,23170.25,186,479.245,150
garden tools,2018-06-01,26034.78,4881.63,30916.41,178,501.127,153
garden tools,2018-07-01,16571.34,4023.32,20594.66,139,387.67,123
health beauty,2016-08-01,134.97,8.49,143.46,3,3,1
health beauty,2016-09-01,4552.51,940.87,5493.38,48,101.281,44
health beauty,2016-12-01,12561.32,1478.42,14039.74,85,95.483,82
health beauty,2017-01-01,22838.79,3291.29,26130.08,166,234.984,155
health beauty,2017-02-01,25602.25,3825.56,29427.81,209,258.742,191
health beauty,2017-03-01,23328.75,3494.3,26823.05,191,226.227,178
health beauty,2017-04-01,46536.32,5974.12,52510.44,287,444.483,265
health beauty,2017-05-01,32175.09,5245.21,37420.3,262,363.185,240
health beauty,2017-06-01,34880.86,5531.02,40411.88,316,387.756,278
health beauty,2017-07-01,49559.1,6366.47,55925.57,359,442.504,344
health beauty,2017-08-01,51972.45,7627.36,59599.81,382,471.202,362
health beauty,2017-09-01,41915.72,6997.72,48913.44,361,399.221,332
health beauty,2017-10-01,78823.12,10429.78,89252.9,580,597.771,526
health beauty,2017-11-01,61561.94,8403.15,69965.09,470,464.322,436
health beauty,2017-12-01,72250.49,10729.08,82979.57,627,589.357,571
health beauty,2018-01-01,84937.36,11071.66,96009.02,664,546.556,603
health beauty,2018-02-01,92313.11,13066.51,105379.62,678,617.146,626
health beauty,2018-03-01,91701.05,13439.53,105140.58,693,831.619,625
health beauty,2018-04-01,92880.93,13961.92,106842.85,769,716.113,685
health beauty,2018-05-01,111278.36,17284.72,128563.08,883,789.517,798
health beauty,2018-06-01,104581.83,16800.83,121382.66,777,728.301,705
health beauty,2018-07-01,122295.02,16598.72,138893.74,860,832.801,789
home appliances,2017-01-01,740.9,114.5,855.4,7,8.7,7
home appliances,2017-02-01,313.3,152.95,466.25,10,7.25,9
home appliances,2017-03-01,499.4,136.17,635.57,10,7.45,9
home appliances,2017-04-01,1912.79,458.24,2371.03,28,40.217,28
home appliances,2017-05-01,2507.19,636.41,3143.6,43,78.525,42
home appliances,2017-06-01,3490.09,648.17,4138.26,36,48.3,36
home appliances,2017-07-01,4752.35,969.48,5721.83,49,99.139,49
home appliances,2017-08-01,1836.79,385.36,2222.15,11,49.32,11
home appliances,2017-09-01,1951.08,282.2,2233.28,8,58.84,8
home appliances,2017-10-01,4470.94,538.81,5009.75,24,85.093,24
home appliances,2017-11-01,1376,357.07,1733.07,17,74.875,17
home appliances,2017-12-01,1795.05,399.88,2194.93,28,26.244,27
home appliances,2018-01-01,5569.29,817.62,6386.91,48,82.84,47
home appliances,2018-02-01,9891.04,1485.52,11376.56,71,154.995,71
home appliances,2018-03-01,15124.25,2258.37,17382.62,106,255.825,106
home appliances,2018-04-01,6149.67,1230.74,7380.41,64,142.35,63
home appliances,2018-05-01,5566.47,1320.11,6886.58,66,83.629,66
home appliances,2018-06-01,5589.53,1262.39,6851.92,79,90.981,79
home appliances,2018-07-01,6635.4,1364.91,8000.31,66,96.238,65
home appliances 2,2016-12-01,2126.68,141.92,2268.6,8,56.875,7
home appliances 2,2017-01-01,15.99,14.12,30.11,1,0.7,1
home appliances 2,2017-02-01,500.9,67.53,568.43,2,9.89,2
home appliances 2,2017-03-01,799.8,147.17,946.97,2,23.734,2
home appliances 2,2017-04-01,3093.04,360.35,3453.39,9,87.26,9
home appliances 2,2017-05-01,1213.87,221.2,1435.07,6,63.125,6
home appliances 2,2017-06-01,1033.99,272.89,1306.88,7,45.6,7
home appliances 2,2017-07-01,4004.55,793.93,4798.48,17,212.65,17
home appliances 2,2017-08-01,1627.8,300.82,1928.62,6,57.783,6
home appliances 2,2017-09-01,2803.17,385.65,3188.82,10,72.553,10
home appliances 2,2017-10-01,4854.93,573.57,5428.5,13,90.7,13
home appliances 2,2017-11-01,1990.16,282.29,2272.45,8,79.575,8
home appliances 2,2017-12-01,8630.1,479.47,9109.57,13,112.884,12
home appliances 2,2018-01-01,8998.83,987.91,9986.74,21,230.833,21
home appliances 2,2018-02-01,5648.2,437.79,6085.99,12,75.763,12
home appliances 2,2018-03-01,20741.69,1217.35,21959.04,23,241.878,23
home appliances 2,2018-04-01,14441.24,1156.59,15597.83,23,231.707,23
home appliances 2,2018-05-01,8312.72,799.82,9112.54,19,131.821,18
home appliances 2,2018-06-01,12597.32,1174.85,13772.17,23,168.295,22
home appliances 2,2018-07-01,9882.76,784.96,10667.72,15,138.276,15
home comfort 2,2016-12-01,72.8,22.77,95.57,2,1.363,2
home comfort 2,2017-02-01,342.88,48.01,390.89,3,6.25,3
home comfort 2,2017-03-01,12.9,10.96,23.86,1,0.7,1
home comfort 2,2017-05-01,12.9,15.1,28,1,0.7,1
home comfort 2,2017-06-01,12.9,15.1,28,1,0.7,1
home comfort 2,2017-07-01,38.7,31.21,69.91,3,2.1,2
home comfort 2,2017-08-01,12.9,16.79,29.69,1,0.7,1
home comfort 2,2017-09-01,64.5,75.5,140,5,3.5,3
home comfort 2,2017-10-01,38.7,42.05,80.75,3,2.1,3
home comfort 2,2018-01-01,38.7,45.3,84,3,2.1,2
home comfort 2,2018-02-01,34.99,9.34,44.33,1,0.425,1
home comfort 2,2018-03-01,12.9,5.86,18.76,1,0.7,1
home comfort 2,2018-05-01,25.8,25.58,51.38,2,1.4,1
home comfort 2,2018-06-01,38.7,46.74,85.44,3,2.1,2
home confort,2017-01-01,414.66,56.61,471.27,3,12.375,3
home confort,2017-02-01,2123.4,257.39,2380.79,13,37.05,12
home confort,2017-03-01,2411.1,301.85,2712.95,17,43.5,16
home confort,2017-04-01,5293.87,601.3,5895.17,37,102.35,34
home confort,2017-05-01,3056.19,296.51,3352.7,18,60.6,18
home confort,2017-06-01,4563.85,837.58,5401.43,43,225.75,36
home confort,2017-07-01,3910.29,522.28,4432.57,27,71.45,23
home confort,2017-08-01,4682.24,694.67,5376.91,34,81.225,27
home confort,2017-09-01,3619.8,452.85,4072.65,27,73.8,26
home confort,2017-10-01,4756.39,859.1,5615.49,44,109.85,39
home confort,2017-11-01,2856.8,317.73,3174.53,15,51.225,15
home confort,2017-12-01,3020.16,415.45,3435.61,18,48.55,18
home confort,2018-01-01,3012.76,385.11,3397.87,21,64.325,20
home confort,2018-02-01,2522.38,538.24,3060.62,21,80.925,21
home confort,2018-03-01,1939.4,334.86,2274.26,18,50.65,15
home confort,2018-04-01,2776.6,407.77,3184.37,22,78.9,19
home confort,2018-05-01,2386.49,315.45,2701.94,16,48.825,16
home confort,2018-06-01,2984.38,575.88,3560.26,24,66.95,24
home confort,2018-07-01,2241.28,330.6,2571.88,16,43.35,15
home construction,2017-01-01,695.6,68.97,764.57,4,4.3,3
home construction,2017-02-01,591.96,126.73,718.69,10,12.967,5
home construction,2017-03-01,1602.69,94.25,1696.94,5,4.74,5
home construction,2017-04-01,1620.5,111.1,1731.6,7,7.454,5
home construction,2017-05-01,1992.3,148.88,2141.18,8,10.18,4
home construction,2017-06-01,93.6,30.2,123.8,2,0.58,1
home construction,2017-07-01,124.8,16.63,141.43,1,0.75,1
home construction,2017-08-01,1357.81,401.55,1759.36,11,10.35,9
home construction,2017-09-01,4201.17,551.04,4752.21,18,92.182,15
home construction,2017-10-01,4936.72,789.82,5726.54,38,108.224,33
home construction,2017-11-01,6735.3,1270.97,8006.27,39,274.07,30
home construction,2017-12-01,5827.58,930.46,6758.04,42,155.827,28
home construction,2018-01-01,5303.9,752.28,6056.18,39,100.233,32
home construction,2018-02-01,5639.51,1127.38,6766.89,44,205.45,34
home construction,2018-03-01,9168.5,1427.11,10595.61,75,165.908,58
home construction,2018-04-01,10305.28,1327.88,11633.16,80,244.265,64
home construction,2018-05-01,9094.59,1842.14,10936.73,71,204.9,60
home construction,2018-06-01,6780.15,1518.02,8298.17,61,118.975,58
home construction,2018-07-01,7016.16,1296.83,8312.99,49,121.734,45
housewares,2016-09-01,1287.07,255.47,1542.54,12,32.7,9
housewares,2016-12-01,2827.58,442.18,3269.76,28,84.991,21
housewares,2017-01-01,12629.77,1534.74,14164.51,80,126.975,67
housewares,2017-02-01,13541.71,3682.12,17223.83,205,382.49,179
housewares,2017-03-01,15011.85,3306.62,18318.47,182,400.832,143
housewares,2017-04-01,21743.47,5339.92,27083.39,308,772.561,265
housewares,2017-05-01,23466.72,6176.45,29643.17,330,1158.961,288
housewares,2017-06-01,20561.34,4733.33,25294.67,274,712.999,224
housewares,2017-07-01,24203.89,5359.14,29563.03,291,819.26,251
housewares,2017-08-01,19989.26,4683.55,24672.81,250,674.9,221
housewares,2017-09-01,16184.65,4357.92,20542.57,238,730.993,192
housewares,2017-10-01,34862.3,8552.71,43415.01,424,1583.781,353
housewares,2017-11-01,26050.95,6036.1,32087.05,296,1010.298,250
housewares,2017-12-01,38009.52,7859.19,45868.71,357,1533.622,320
housewares,2018-01-01,35090.89,8551.84,43642.73,399,1615.314,341
housewares,2018-02-01,37770.43,9234.85,47005.28,407,1557.588,338
housewares,2018-03-01,45576.43,10411.78,55988.21,474,1915.635,423
housewares,2018-04-01,63003.57,13450.01,76453.58,619,2132.116,493
housewares,2018-05-01,55636.96,13335.92,68972.88,579,1755.731,465
housewares,2018-06-01,64190.05,14712.84,78902.89,575,1705.899,475
housewares,2018-07-01,60610.25,14132.43,74742.68,636,1678.744,566
industry commerce and business,2016-09-01,359.6,73.96,433.56,4,8.552,3
industry commerce and business,2017-01-01,119,15.94,134.94,1,4.4,1
industry commerce and business,2017-02-01,238,44.03,282.03,2,8.8,2
industry commerce and business,2017-04-01,519.8,32.42,552.22,2,2.575,2
industry commerce and business,2017-05-01,276.97,65.2,342.17,2,12.8,2
industry commerce and business,2017-06-01,245.96,106.29,352.25,2,8.65,2
industry commerce and business,2017-07-01,956.9,87.05,1043.95,3,6.951,3
industry commerce and business,2017-08-01,219.98,31.73,251.71,2,0.5,2
industry commerce and business,2017-09-01,2256.69,211.49,2468.18,5,20,5
industry commerce and business,2017-10-01,2074.77,275.81,2350.58,7,55.35,7
industry commerce and business,2017-11-01,1828.5,181.36,2009.86,9,39,9
industry commerce and business,2017-12-01,3662,805.45,4467.45,19,148.717,16
industry commerce and business,2018-01-01,4660.59,764.54,5425.13,36,234.613,28
industry commerce and business,2018-02-01,2997.45,706.75,3704.2,30,230.7,27
industry commerce and business,2018-03-01,5690.61,1191.61,6882.22,53,444.826,48
industry commerce and business,2018-04-01,3814.99,1056.45,4871.44,40,189.85,34
industry commerce and business,2018-05-01,2587.9,924.96,3512.86,26,156.6,21
industry commerce and business,2018-06-01,4795.21,930.28,5725.49,15,117.35,14
industry commerce and business,2018-07-01,2364.69,379.36,2744.05,10,95.625,9
kitchen dining laundry garden furniture,2016-12-01,110,18.2,128.2,1,2,1
kitchen dining laundry garden furniture,2017-01-01,139.9,38.43,178.33,2,3.7,2
kitchen dining laundry garden furniture,2017-02-01,113.98,55.07,169.05,3,4.1,3
kitchen dining laundry garden furniture,2017-03-01,1033.4,248.7,1282.1,9,18.65,8
kitchen dining laundry garden furniture,2017-04-01,1304.48,332.73,1637.21,9,67.8,9
kitchen dining laundry garden furniture,2017-05-01,374.8,167.79,542.59,4,22.5,4
kitchen dining laundry garden furniture,2017-06-01,1316.5,341.06,1657.56,11,78.875,9
kitchen dining laundry garden furniture,2017-07-01,1006.2,225.09,1231.29,7,104.875,7
kitchen dining laundry garden furniture,2017-08-01,464.09,138.57,602.66,5,25.275,5
kitchen dining laundry garden furniture,2017-09-01,3428.6,866.81,4295.41,16,184.225,14
kitchen dining laundry garden furniture,2017-10-01,5007.39,1379.74,6387.13,33,292.325,28
kitchen dining laundry garden furniture,2017-11-01,4277.3,987.72,5265.02,20,217.575,16
kitchen dining laundry garden furniture,2017-12-01,4838.5,1110.72,5949.22,21,278.593,20
kitchen dining laundry garden furniture,2018-01-01,4750.16,948.98,5699.14,20,172.586,17
kitchen dining laundry garden furniture,2018-02-01,2842.66,759.36,3602.02,12,99.1,12
kitchen dining laundry garden furniture,2018-03-01,3165.47,1122.72,4288.19,20,187.105,19
kitchen dining laundry garden furniture,2018-04-01,2310.09,551.19,2861.28,13,159.05,10
kitchen dining laundry garden furniture,2018-05-01,3667.43,1074.77,4742.2,30,251.342,22
kitchen dining laundry garden furniture,2018-06-01,3875.95,1010.77,4886.72,23,178.95,21
kitchen dining laundry garden furniture,2018-07-01,2156.47,599.55,2756.02,21,128.625,20
kitchen dining laundry garden furniture,2018-08-01,145,21.46,166.46,1,10.4,1
la cuisine,2017-03-01,24,10.81,34.81,1,0.45,1
la cuisine,2017-04-01,193,39.19,232.19,1,8.8,1
la cuisine,2017-06-01,469.99,89.24,559.23,4,10.5,4
la cuisine,2017-07-01,313,60.52,373.52,2,9.8,2
la cuisine,2017-09-01,137,23.83,160.83,1,1.45,1
la cuisine,2017-10-01,137,0.11,137.11,1,1.45,1
la cuisine,2017-12-01,112,18.03,130.03,1,1.75,1
la cuisine,2018-02-01,389,37.7,426.7,1,12.5,1
la cuisine,2018-03-01,280,54.12,334.12,2,4.9,1
luggage accessories,2016-12-01,492.5,72.88,565.38,5,24.45,4
luggage accessories,2017-01-01,1694.18,441.98,2136.16,21,110.15,20
luggage accessories,2017-02-01,5924.01,1454.38,7378.39,38,560.208,35
luggage accessories,2017-03-01,7150.2,1489.54,8639.74,49,584.583,47
luggage accessories,2017-04-01,12539.62,2320.47,14860.09,70,786.65,64
luggage accessories,2017-05-01,8232.09,2061.95,10294.04,61,495.099,60
luggage accessories,2017-06-01,8357.61,1947.4,10305.01,74,328.699,73
luggage accessories,2017-07-01,6748.2,1663.2,8411.4,62,300.7,57
luggage accessories,2017-08-01,3970.28,988.78,4959.06,43,183.1,42
luggage accessories,2017-09-01,6240.34,1477.02,7717.36,56,192.54,52
luggage accessories,2017-10-01,8439.05,2220.88,10659.93,71,415.05,64
luggage accessories,2017-11-01,6348.11,1225.89,7574,48,226.99,46
luggage accessories,2017-12-01,18538.42,3310.6,21849.02,126,642.534,122
luggage accessories,2018-01-01,6804.15,1208.45,8012.6,49,217.286,46
luggage accessories,2018-02-01,5871.79,1446.12,7317.91,55,249.548,51
luggage accessories,2018-03-01,8720.46,1640.55,10361.01,59,321.83,54
luggage accessories,2018-04-01,6618.46,1627.03,8245.49,49,292.8,44
luggage accessories,2018-05-01,5070.88,1067.84,6138.72,36,115.197,36
luggage accessories,2018-06-01,5821.72,1371.37,7193.09,54,100.64,53
luggage accessories,2018-07-01,6847.91,1408.9,8256.81,66,157.75,64
market place,2016-09-01,1306.19,272.99,1579.18,13,17.175,7
market place,2016-12-01,447.04,101.18,548.22,6,2.125,6
market place,2017-01-01,1688.22,434.28,2122.5,22,24.55,19
market place,2017-02-01,1808.59,267.37,2075.96,17,20.14,17
market place,2017-03-01,4090.18,447.85,4538.03,20,42.855,20
market place,2017-04-01,2219.41,363.79,2583.2,21,28.475,20
market place,2017-05-01,1516.52,251.42,1767.94,17,24.675,16
market place,2017-06-01,1573.38,226.57,1799.95,13,14.377,13
market place,2017-07-01,1937.39,423.54,2360.93,23,20.427,22
market place,2017-08-01,1147.21,202.41,1349.62,11,18.15,11
market place,2017-09-01,1019.54,158.58,1178.12,11,12.425,10
market place,2017-10-01,1355.98,326.63,1682.61,16,15.06,11
market place,2017-11-01,703.25,181.01,884.26,14,8.205,13
market place,2017-12-01,818.72,228.04,1046.76,14,11.75,12
market place,2018-01-01,1920.92,445.42,2366.34,28,26.197,20
market place,2018-02-01,1548.74,306.45,1855.19,17,14.85,16
market place,2018-03-01,627.23,217.6,844.83,15,8.425,15
market place,2018-04-01,957.45,229.34,1186.79,14,13.575,13
market place,2018-05-01,556.46,122.33,678.79,7,5.525,7
market place,2018-06-01,186.78,90.56,277.34,4,8.8,4
market place,2018-07-01,949.27,158.7,1107.97,8,10.351,8
music,2016-12-01,19.8,17.44,37.24,2,0.4,2
music,2017-02-01,27.99,14.52,42.51,1,0.1,1
music,2017-03-01,59.8,29.04,88.84,2,0.4,2
music,2017-05-01,1066.9,74.22,1141.12,4,3.95,4
music,2017-06-01,329,21.54,350.54,1,0.9,1
music,2017-09-01,54.9,15.13,70.03,1,0.15,1
music,2017-12-01,24.97,15.1,40.07,1,0.55,1
music,2018-01-01,244.97,32.27,277.24,2,10.3,2
music,2018-02-01,323.97,38.39,362.36,2,2.4,2
music,2018-03-01,1696.86,145.2,1842.06,5,14.35,5
music,2018-04-01,729,98.4,827.4,5,25.35,5
music,2018-05-01,109.08,60.48,169.56,3,1.065,3
music,2018-06-01,849.3,43.98,893.28,3,0.9,3
music,2018-07-01,497.81,84.8,582.61,6,3.333,6
musical instruments,2016-12-01,339.74,18,357.74,1,5.6,1
musical instruments,2017-01-01,2221.28,243.97,2465.25,9,22.103,8
musical instruments,2017-02-01,1667.33,220.18,1887.51,10,14.675,9
musical instruments,2017-03-01,3818.43,295.84,4114.27,16,32.378,16
musical instruments,2017-04-01,9639.44,424.58,10064.02,20,50.462,18
musical instruments,2017-05-01,5373.04,612.42,5985.46,21,98.94,18
musical instruments,2017-06-01,8411.59,812.33,9223.92,32,127.66,28
musical instruments,2017-07-01,7100.65,627.09,7727.74,26,83.631,23
musical instruments,2017-08-01,9119.87,692.26,9812.13,29,94.116,25
musical instruments,2017-09-01,6859.16,578.65,7437.81,27,47.842,22
musical instruments,2017-10-01,16509.9,1385.72,17895.62,49,202.957,44
musical instruments,2017-11-01,10823.5,866.09,11689.59,42,69.343,41
musical instruments,2017-12-01,15405.58,1339.74,16745.32,53,204.992,51
musical instruments,2018-01-01,9015.73,1048.65,10064.38,44,136.971,39
musical instruments,2018-02-01,10822.2,1303.57,12125.77,55,116.765,51
musical instruments,2018-03-01,19375.31,1801.06,21176.37,60,182.009,57
musical instruments,2018-04-01,18757.07,1779.97,20537.04,61,157.056,59
musical instruments,2018-05-01,16177.92,1792.84,17970.76,47,198.583,46
musical instruments,2018-06-01,9481.9,1570.83,11052.73,36,135.786,32
musical instruments,2018-07-01,10579.24,1224.7,11803.94,42,123.306,40
office furniture,2016-09-01,1300.88,286.67,1587.55,6,75.463,6
office furniture,2016-12-01,1204.36,335.31,1539.67,9,108.5,6
office furniture,2017-01-01,12045.97,2132.1,14178.07,64,724.099,54
office furniture,2017-02-01,11783.51,2679.98,14463.49,78,800.52,60
office furniture,2017-03-01,9411.3,1752.73,11164.03,58,563.576,48
office furniture,2017-04-01,8403.43,1616.28,10019.71,56,542.804,42
office furniture,2017-05-01,7279.13,1816.67,9095.8,50,508.98,45
office furniture,2017-06-01,16772.67,4335.84,21108.51,114,1208.103,96
office furniture,2017-07-01,9997.3,2550.36,12547.66,59,707.042,47
office furniture,2017-08-01,9208.65,2313.79,11522.44,61,680.094,37
office furniture,2017-09-01,17693.84,4003.72,21697.56,101,1230.24,68
office furniture,2017-10-01,18075.2,4796.9,22872.1,102,1380.608,76
office furniture,2017-11-01,7134.35,1855.98,8990.33,50,545.758,40
office furniture,2017-12-01,20113.41,5619.14,25732.55,145,1708.92,106
office furniture,2018-01-01,17774.78,4236.26,22011.04,109,1211.954,72
office furniture,2018-02-01,31301.62,8420.96,39722.58,202,2353.195,151
office furniture,2018-03-01,20194.72,6300.08,26494.8,133,1540.19,88
office furniture,2018-04-01,21005.86,4349.14,25355,105,1250.907,83
office furniture,2018-05-01,12725.58,3928.99,16654.57,77,864.265,60
office furniture,2018-06-01,13680.37,3581.72,17262.09,81,945.86,63
office furniture,2018-07-01,6853.77,1659.33,8513.1,31,310.18,25
party supplies,2017-06-01,69.9,13.51,83.41,1,1.25,1
party supplies,2017-08-01,269.8,33.4,303.2,2,4.2,1
party supplies,2017-09-01,137.8,26.07,163.87,2,3.75,2
party supplies,2017-10-01,870.69,63.65,934.34,4,4.9,4
party supplies,2017-11-01,515.2,34.72,549.92,2,3.1,2
party supplies,2017-12-01,135.8,34.46,170.26,2,2.5,2
party supplies,2018-02-01,913.9,156.39,1070.29,6,31.8,5
party supplies,2018-03-01,43.8,36.46,80.26,2,0.2,1
party supplies,2018-04-01,100.7,69.74,170.44,4,0.85,3
party supplies,2018-05-01,84.8,27.58,112.38,2,1.6,2
party supplies,2018-06-01,57.5,26.86,84.36,2,1.7,2
party supplies,2018-07-01,1285.29,305.13,1590.42,14,30.05,14
perfumery,2016-09-01,5688.7,535.14,6223.84,33,15.175,30
perfumery,2016-12-01,5112.6,541.41,5654.01,34,23.286,29
perfumery,2017-01-01,8127.18,817.1,8944.28,51,30.395,49
perfumery,2017-02-01,19285.33,1758.83,21044.16,104,59.35,102
perfumery,2017-03-01,20413.91,1786.31,22200.22,107,51.501,103
perfumery,2017-04-01,20010.15,2242.77,22252.92,143,82.906,132
perfumery,2017-05-01,24546.99,2535.94,27082.93,156,80.019,148
perfumery,2017-06-01,12910.02,1865.51,14775.53,126,57.513,119
perfumery,2017-07-01,13142.09,1908.27,15050.36,128,56.851,118
perfumery,2017-08-01,14744.87,2319.18,17064.05,160,72.58,142
perfumery,2017-09-01,16744.83,3150.2,19895.03,186,92.394,174
perfumery,2017-10-01,32071.6,4922.72,36994.32,314,143.31,296
perfumery,2017-11-01,27864.43,3730.09,31594.52,241,102.874,233
perfumery,2017-12-01,19879.01,3289.7,23168.71,226,88.16,211
perfumery,2018-01-01,20386.69,2971.99,23358.68,216,73.545,198
perfumery,2018-02-01,20877.14,3371.99,24249.13,204,81.382,188
perfumery,2018-03-01,17790.31,2713.93,20504.24,175,73.359,160
perfumery,2018-04-01,24757.7,3157.52,27915.22,198,116.952,180
perfumery,2018-05-01,27335.86,3665.73,31001.59,189,120.442,169
perfumery,2018-06-01,22103.07,3241.01,25344.08,202,96.337,172
perfumery,2018-07-01,25332.39,3688.5,29020.89,226,123.221,209
pet shop,2016-09-01,689.68,86.18,775.86,4,24.575,4
pet shop,2016-12-01,967.12,215.27,1182.39,15,27.654,13
pet shop,2017-01-01,3729.07,781.81,4510.88,40,72.476,37
pet shop,2017-02-01,8369.96,781.73,9151.69,45,123.683,41
pet shop,2017-03-01,6182.89,943.95,7126.84,51,236.291,46
pet shop,2017-04-01,8151.02,1495.5,9646.52,73,254.839,66
pet shop,2017-05-01,5243.57,1201.46,6445.03,64,186.888,61
pet shop,2017-06-01,6545.88,1696.93,8242.81,85,215.555,70
pet shop,2017-07-01,10560.78,1738,12298.78,91,237.692,77
pet shop,2017-08-01,8534.92,1340.24,9875.16,71,246.692,62
pet shop,2017-09-01,8243.58,1380.4,9623.98,76,193.167,64
pet shop,2017-10-01,11325.68,2108.83,13434.51,99,286.686,84
pet shop,2017-11-01,7227.23,1530.03,8757.26,74,239.852,71
pet shop,2017-12-01,10885.96,1801.65,12687.61,90,258.581,77
pet shop,2018-01-01,9595.03,2145.73,11740.76,102,345.125,89
pet shop,2018-02-01,13598.69,2682.23,16280.92,123,528.754,109
pet shop,2018-03-01,18774.4,3606.11,22380.51,170,569.015,153
pet shop,2018-04-01,11659.36,2376.24,14035.6,136,313.034,127
pet shop,2018-05-01,19546.34,3938.73,23485.07,178,505.617,151
pet shop,2018-06-01,19525.28,3767.3,23292.58,160,435.109,140
pet shop,2018-07-01,24958.97,3942.92,28901.89,200,392.795,168
security and services,2016-12-01,183.29,25.77,209.06,1,1.225,1
security and services,2017-08-01,100,15.45,115.45,1,0.4,1
signaling and security,2017-02-01,75,16.23,91.23,1,0.4,1
signaling and security,2017-03-01,128.06,55.59,183.65,3,1,3
signaling and security,2017-04-01,508.85,267.09,775.94,4,45.875,3
signaling and security,2017-05-01,273.9,71.5,345.4,2,14.5,2
signaling and security,2017-06-01,530.19,154.6,684.79,6,31.15,5
signaling and security,2017-07-01,377.8,65.67,443.47,4,5.8,4
signaling and security,2017-08-01,438.4,98.15,536.55,9,2.315,5
signaling and security,2017-09-01,744,163.7,907.7,10,16.05,7
signaling and security,2017-10-01,596.79,196,792.79,5,51.05,3
signaling and security,2017-11-01,770,72.44,842.44,2,19.5,2
signaling and security,2017-12-01,1048.79,247.18,1295.97,8,82.225,7
signaling and security,2018-01-01,715.79,271.88,987.67,15,41.95,10
signaling and security,2018-02-01,921.9,157.66,1079.56,9,17.35,7
signaling and security,2018-03-01,2222.3,728.98,2951.28,36,69.44,22
signaling and security,2018-04-01,683.5,179.49,862.99,7,29.6,6
signaling and security,2018-05-01,5863.18,1077.58,6940.76,27,143.083,18
signaling and security,2018-06-01,3680.19,2328.96,6009.15,28,173.362,18
signaling and security,2018-07-01,1930.59,355.12,2285.71,23,28.808,17
small appliances,2016-12-01,1660.79,127.46,1788.25,6,15.942,6
small appliances,2017-01-01,5361.58,724.4,6085.98,27,184.145,24
small appliances,2017-02-01,13061.06,903.76,13964.82,32,183.541,32
small appliances,2017-03-01,23160.98,836.9,23997.88,20,165.8,20
small appliances,2017-04-01,4489.44,430.78,4920.22,18,68.808,16
small appliances,2017-05-01,10543.81,717.53,11261.34,24,92.5,24
small appliances,2017-06-01,4621.36,764.79,5386.15,34,116.906,33
small appliances,2017-07-01,4297.01,541.17,4838.18,36,37.757,32
small appliances,2017-08-01,10965.63,940.69,11906.32,33,153.332,32
small appliances,2017-09-01,6464.85,659.79,7124.64,32,87.066,30
small appliances,2017-10-01,7826.82,768.39,8595.21,31,105.716,30
small appliances,2017-11-01,8913.77,675.89,9589.66,29,69.892,28
small appliances,2017-12-01,15450.76,1391.01,16841.77,55,157.925,52
small appliances,2018-01-01,5245.16,667.58,5912.74,32,62.233,30
small appliances,2018-02-01,14260.15,774.76,15034.91,37,104.76,36
small appliances,2018-03-01,12211.41,1243.5,13454.91,67,99.709,61
small appliances,2018-04-01,10620.99,886.34,11507.33,48,59.731,39
small appliances,2018-05-01,16022.7,1167.38,17190.08,50,110.147,44
small appliances,2018-06-01,8711.25,1071.19,9782.44,43,91.465,36
small appliances,2018-07-01,6759.06,726.94,7486,25,64.326,25
small appliances home oven and coffee,2017-05-01,71.9,16.75,88.65,1,1.6,1
small appliances home oven and coffee,2017-07-01,109.06,24.8,133.86,2,1.4,2
small appliances home oven and coffee,2017-08-01,640.99,32.48,673.47,1,4.8,1
small appliances home oven and coffee,2017-12-01,369.99,15.14,385.13,1,6.6,1
small appliances home oven and coffee,2018-01-01,3024.9,188.74,3213.64,5,36.6,5
small appliances home oven and coffee,2018-02-01,7890.9,329.58,8220.48,7,47.992,7
small appliances home oven and coffee,2018-03-01,13980.98,788.2,14769.18,15,114.25,15
small appliances home oven and coffee,2018-04-01,10161.6,312.94,10474.54,9,55.65,9
small appliances home oven and coffee,2018-05-01,3499,173.13,3672.13,3,25.55,3
small appliances home oven and coffee,2018-06-01,4699.67,471.69,5171.36,15,57.775,14
small appliances home oven and coffee,2018-07-01,2996.72,394.41,3391.13,17,33.475,17
sports leisure,2016-09-01,3333.64,593.47,3927.11,19,87.744,19
sports leisure,2016-12-01,9357.72,1712.02,11069.74,79,257.701,61
sports leisure,2017-01-01,16683.26,3023.54,19706.8,156,378.939,139
sports leisure,2017-02-01,27050.39,4318.97,31369.36,200,510.841,172
sports leisure,2017-03-01,24854.43,4246.1,29100.53,217,430.8,197
sports leisure,2017-04-01,36173.4,6224.41,42397.81,317,659.995,267
sports leisure,2017-05-01,32843.2,6130.45,38973.65,276,648.993,249
sports leisure,2017-06-01,38694.64,7496.1,46190.74,386,714.121,336
sports leisure,2017-07-01,41781.16,7860.68,49641.84,426,674.751,384
sports leisure,2017-08-01,50143.58,8778.26,58921.84,460,771.844,415
sports leisure,2017-09-01,49577.35,8329.17,57906.52,468,639.342,422
sports leisure,2017-10-01,64469.36,10750.32,75219.68,613,914.519,557
sports leisure,2017-11-01,60520.35,9711.17,70231.52,497,995.64,444
sports leisure,2017-12-01,90345.15,13241.49,103586.64,647,1407.131,579
sports leisure,2018-01-01,76598.26,12124.27,88722.53,652,1056.377,586
sports leisure,2018-02-01,85657.64,15069.67,100727.31,765,1371.8,676
sports leisure,2018-03-01,67134.08,11337.47,78471.55,595,866.595,531
sports leisure,2018-04-01,59919.12,9232.54,69151.66,496,739.317,452
sports leisure,2018-05-01,46109.41,8997.25,55106.66,428,644.405,379
sports leisure,2018-06-01,54933.77,10521.55,65455.32,467,758.206,417
sports leisure,2018-07-01,51869.06,8908.61,60777.67,477,532.734,438
stationery,2016-12-01,1561.99,192.62,1754.61,14,19.179,7
stationery,2017-01-01,2341.4,304.63,2646.03,19,21.479,19
stationery,2017-02-01,5832.72,1062.85,6895.57,55,179.5,55
stationery,2017-03-01,4676.24,620.28,5296.52,37,128.95,37
stationery,2017-04-01,5931.08,1067.32,6998.4,64,188.55,60
stationery,2017-05-01,3612.47,712.81,4325.28,40,118.95,39
stationery,2017-06-01,7091.75,1357.29,8449.04,80,269.373,75
stationery,2017-07-01,6366.91,1518.59,7885.5,80,265.175,75
stationery,2017-08-01,6130.41,1382.24,7512.65,77,217.133,71
stationery,2017-09-01,8479.96,1946.71,10426.67,100,354.685,92
stationery,2017-10-01,16747.99,3431.66,20179.65,166,637.822,152
stationery,2017-11-01,25721,4800.07,30521.07,251,948.742,231
stationery,2017-12-01,41112.91,7027.75,48140.66,398,1333.954,380
stationery,2018-01-01,11813.1,2576.6,14389.7,158,312.553,143
stationery,2018-02-01,13079.74,2892.56,15972.3,164,309.589,146
stationery,2018-03-01,11850.35,2629.04,14479.39,156,281.079,132
stationery,2018-04-01,12923.39,2448.92,15372.31,130,273.022,124
stationery,2018-05-01,12859.08,3166.97,16026.05,167,269.246,145
stationery,2018-06-01,17018.39,4172.92,21191.31,188,445.553,166
stationery,2018-07-01,15792.35,3486.65,19279,173,351.029,162
tablets printing image,2017-01-01,792,148.52,940.52,8,2.332,8
tablets printing image,2017-02-01,495,92.91,587.91,5,1.449,5
tablets printing image,2017-03-01,1112.88,199.35,1312.23,11,3.65,9
tablets printing image,2017-04-01,1514.98,92.04,1607.02,7,3.099,7
tablets printing image,2017-05-01,594,85.17,679.17,6,1.732,6
tablets printing image,2017-06-01,198,21.63,219.63,2,0.6,2
tablets printing image,2017-07-01,450.89,106.93,557.82,6,1.6,6
tablets printing image,2017-08-01,233.9,45.98,279.88,3,0.8,3
tablets printing image,2017-09-01,99,12.19,111.19,1,0.3,1
tablets printing image,2017-10-01,350.4,91.99,442.39,6,1.499,6
tablets printing image,2017-11-01,419.4,55.62,475.02,6,1.732,6
tablets printing image,2017-12-01,161.8,24.97,186.77,3,0.866,3
tablets printing image,2018-01-01,694.97,171.52,866.49,13,3.764,12
tablets printing image,2018-02-01,259.29,28,287.29,3,1.183,2
tablets printing image,2018-03-01,52,18.24,70.24,1,0.3,1
tablets printing image,2018-04-01,49.9,8.29,58.19,1,0.3,1
tablets printing image,2018-05-01,50,22.85,72.85,1,0.283,1
telephony,2016-08-01,59.5,15.56,75.06,1,0.7,1
telephony,2016-09-01,500.08,133.9,633.98,10,2.175,9
telephony,2016-12-01,2681.88,435.21,3117.09,24,4.799,20
telephony,2017-01-01,7163.07,1778.69,8941.76,113,27.418,101
telephony,2017-02-01,8083.07,2575.59,10658.66,170,30.045,157
telephony,2017-03-01,7257.86,2304.7,9562.56,146,31.637,142
telephony,2017-04-01,9204.11,3342.5,12546.61,221,44.138,202
telephony,2017-05-01,6843.6,2472.86,9316.46,164,31.996,154
telephony,2017-06-01,9057.86,2132.19,11190.05,143,28.141,135
telephony,2017-07-01,10937.29,2302.12,13239.41,137,29.172,132
telephony,2017-08-01,18559.25,2978.71,21537.96,177,49.402,164
telephony,2017-09-01,22850.76,3961.63,26812.39,253,62.055,228
telephony,2017-10-01,26564.88,5851.08,32415.96,383,141.543,351
telephony,2017-11-01,13611.01,3772.23,17383.24,267,81.507,244
telephony,2017-12-01,14830.96,5612.72,20443.68,371,90.144,346
telephony,2018-01-01,14138.34,4893.51,19031.85,359,92.375,333
telephony,2018-02-01,24512.82,5411.71,29924.53,342,85.136,327
telephony,2018-03-01,17944.81,4255.97,22200.78,287,71.72,253
telephony,2018-04-01,21589.28,4220.68,25809.96,255,60.665,242
telephony,2018-05-01,22770.8,3780.45,26551.25,219,56.779,205
telephony,2018-06-01,26794.41,4019.23,30813.64,225,69.269,206
telephony,2018-07-01,37711.89,4964.55,42676.44,278,98.257,247
toys,2016-09-01,4465.09,520.99,4986.08,27,78.277,25
toys,2016-12-01,4814.09,756.29,5570.38,43,81.886,43
toys,2017-01-01,9360.35,1181.9,10542.25,66,127.368,61
toys,2017-02-01,12093.48,1909.03,14002.51,103,161.398,100
toys,2017-03-01,13161.61,1933.55,15095.16,112,123.334,102
toys,2017-04-01,22840.76,3494.52,26335.28,201,286.277,197
toys,2017-05-01,15519.34,2773.61,18292.95,159,264.417,153
toys,2017-06-01,24466.82,3660.36,28127.18,206,368.216,200
toys,2017-07-01,18083.78,3136.67,21220.45,182,286.925,169
toys,2017-08-01,31407.31,5681.41,37088.72,298,572.722,273
toys,2017-09-01,34712.91,5103.17,39816.08,292,487.323,281
toys,2017-10-01,63472.03,9396.68,72868.71,489,978.897,447
toys,2017-11-01,57922.1,8709.95,66632.05,450,998.443,425
toys,2017-12-01,22069.13,2932.93,25002.06,166,302.164,159
toys,2018-01-01,14778.93,2275.29,17054.22,146,242.293,137
toys,2018-02-01,23407.4,4311.3,27718.7,234,423.671,222
toys,2018-03-01,22972.6,4165.46,27138.06,201,430.913,192
toys,2018-04-01,32064.44,4703.05,36767.49,224,545.201,217
toys,2018-05-01,21268.11,4084.73,25352.84,190,313.284,177
toys,2018-06-01,17313.27,3373.84,20687.11,158,308.365,151
toys,2018-07-01,17753.05,3321.22,21074.27,170,265.412,155
watches gifts,2016-09-01,3360.24,107.8,3468.04,5,2.181,5
watches gifts,2016-12-01,8086.52,224.31,8310.83,11,5.343,11
watches gifts,2017-01-01,11336.67,575.64,11912.31,35,11.756,33
watches gifts,2017-02-01,27141.92,1314.19,28456.11,82,69.252,77
watches gifts,2017-03-01,23535.78,1686.33,25222.11,98,61.753,91
watches gifts,2017-04-01,37374.9,2384.2,39759.1,134,88.301,125
watches gifts,2017-05-01,29492.63,1981.07,31473.7,124,70.52,118
watches gifts,2017-06-01,36519.76,2763.6,39283.36,167,151.462,156
watches gifts,2017-07-01,36169.01,3421.47,39590.48,213,152.61,196
watches gifts,2017-08-01,47725.59,4342.24,52067.83,269,203.451,256
watches gifts,2017-09-01,65959.53,4973.43,70932.96,314,183.402,287
watches gifts,2017-10-01,97629.57,7940.31,105569.88,468,274.186,429
watches gifts,2017-11-01,71553.72,5651.64,77205.36,366,162.864,345
watches gifts,2017-12-01,75890.14,5932.54,81822.68,372,222.056,339
watches gifts,2018-01-01,62109.28,5949.6,68058.88,333,188.407,313
watches gifts,2018-02-01,99213.98,8946.98,108160.96,434,322.841,420
watches gifts,2018-03-01,92541.57,7609.67,100151.24,502,251.657,471
watches gifts,2018-04-01,118275.86,8680.16,126956.02,632,425.772,592
watches gifts,2018-05-01,92544.36,9076.17,101620.53,487,258.305,453
watches gifts,2018-06-01,95109.59,9769.95,104879.54,523,185.744,509
watches gifts,2018-07-01,73435.06,7204.63,80639.69,422,188.768,398
